"GC","Variant","Method","Length","Iteration","Operations","TotalNanoseconds","NanosecondsPerOperation"
"srv","registered-counting","FixedAllocationBenchmarks.Object","","1","67108864","904277100.00","13.4748"
"srv","registered-counting","FixedAllocationBenchmarks.Object","","2","67108864","897105900.00","13.3679"
"srv","registered-counting","FixedAllocationBenchmarks.Object","","3","67108864","891375800.00","13.2825"
"srv","registered-counting","FixedAllocationBenchmarks.Box","","1","67108864","919949800.00","13.7083"
"srv","registered-counting","FixedAllocationBenchmarks.Box","","2","67108864","926043500.00","13.7991"
"srv","registered-counting","FixedAllocationBenchmarks.Box","","3","67108864","937740900.00","13.9734"
"srv","registered-counting","FixedAllocationBenchmarks.Finalizable","","1","4194304","570493200.00","136.0162"
"srv","registered-counting","FixedAllocationBenchmarks.Finalizable","","2","4194304","563184500.00","134.2736"
"srv","registered-counting","FixedAllocationBenchmarks.Finalizable","","3","4194304","555360100.00","132.4082"
"srv","registered-counting","VariableAllocationBenchmarks.ByteArray","0","1","67108864","892979100.00","13.3064"
"srv","registered-counting","VariableAllocationBenchmarks.ByteArray","0","2","67108864","897020400.00","13.3666"
"srv","registered-counting","VariableAllocationBenchmarks.ByteArray","0","3","67108864","903941600.00","13.4698"
"srv","registered-counting","VariableAllocationBenchmarks.ObjectArray","0","1","67108864","907535500.00","13.5233"
"srv","registered-counting","VariableAllocationBenchmarks.ObjectArray","0","2","67108864","905846300.00","13.4982"
"srv","registered-counting","VariableAllocationBenchmarks.ObjectArray","0","3","67108864","893138300.00","13.3088"
"srv","registered-counting","VariableAllocationBenchmarks.String","0","1","268435456","909597500.00","3.3885"
"srv","registered-counting","VariableAllocationBenchmarks.String","0","2","268435456","908562600.00","3.3847"
"srv","registered-counting","VariableAllocationBenchmarks.String","0","3","268435456","907892300.00","3.3822"
"srv","registered-counting","VariableAllocationBenchmarks.ByteArray","16","1","33554432","694502500.00","20.6978"
"srv","registered-counting","VariableAllocationBenchmarks.ByteArray","16","2","33554432","690190100.00","20.5693"
"srv","registered-counting","VariableAllocationBenchmarks.ByteArray","16","3","33554432","688783800.00","20.5274"
"srv","registered-counting","VariableAllocationBenchmarks.ObjectArray","16","1","33554432","913667700.00","27.2294"
"srv","registered-counting","VariableAllocationBenchmarks.ObjectArray","16","2","33554432","906417800.00","27.0134"
"srv","registered-counting","VariableAllocationBenchmarks.ObjectArray","16","3","33554432","915432200.00","27.2820"
"srv","registered-counting","VariableAllocationBenchmarks.String","16","1","33554432","680821800.00","20.2901"
"srv","registered-counting","VariableAllocationBenchmarks.String","16","2","33554432","648572900.00","19.3290"
"srv","registered-counting","VariableAllocationBenchmarks.String","16","3","33554432","677354300.00","20.1867"
"srv","registered-counting","VariableAllocationBenchmarks.ByteArray","64","1","33554432","707411500.00","21.0825"
"srv","registered-counting","VariableAllocationBenchmarks.ByteArray","64","2","33554432","702827700.00","20.9459"
"srv","registered-counting","VariableAllocationBenchmarks.ByteArray","64","3","33554432","705744500.00","21.0328"
"srv","registered-counting","VariableAllocationBenchmarks.ObjectArray","64","1","8388608","562091200.00","67.0065"
"srv","registered-counting","VariableAllocationBenchmarks.ObjectArray","64","2","8388608","568622500.00","67.7851"
"srv","registered-counting","VariableAllocationBenchmarks.ObjectArray","64","3","8388608","572061100.00","68.1950"
"srv","registered-counting","VariableAllocationBenchmarks.String","64","1","16777216","556755000.00","33.1852"
"srv","registered-counting","VariableAllocationBenchmarks.String","64","2","16777216","516126700.00","30.7635"
"srv","registered-counting","VariableAllocationBenchmarks.String","64","3","16777216","513698300.00","30.6188"
"srv","registered-counting","VariableAllocationBenchmarks.ByteArray","256","1","16777216","690275700.00","41.1436"
"srv","registered-counting","VariableAllocationBenchmarks.ByteArray","256","2","16777216","715383500.00","42.6402"
"srv","registered-counting","VariableAllocationBenchmarks.ByteArray","256","3","16777216","694349200.00","41.3864"
"srv","registered-counting","VariableAllocationBenchmarks.ObjectArray","256","1","4194304","981109700.00","233.9148"
"srv","registered-counting","VariableAllocationBenchmarks.ObjectArray","256","2","4194304","977023400.00","232.9405"
"srv","registered-counting","VariableAllocationBenchmarks.ObjectArray","256","3","4194304","976812900.00","232.8903"
"srv","registered-counting","VariableAllocationBenchmarks.String","256","1","8388608","653697900.00","77.9269"
"srv","registered-counting","VariableAllocationBenchmarks.String","256","2","8388608","646939100.00","77.1212"
"srv","registered-counting","VariableAllocationBenchmarks.String","256","3","8388608","643332900.00","76.6913"
"srv","registered-counting","VariableAllocationBenchmarks.ByteArray","1024","1","4194304","515055200.00","122.7987"
"srv","registered-counting","VariableAllocationBenchmarks.ByteArray","1024","2","4194304","495780700.00","118.2033"
"srv","registered-counting","VariableAllocationBenchmarks.ByteArray","1024","3","4194304","507588500.00","121.0185"
"srv","registered-counting","VariableAllocationBenchmarks.ObjectArray","1024","1","1048576","920758400.00","878.1036"
"srv","registered-counting","VariableAllocationBenchmarks.ObjectArray","1024","2","1048576","960194800.00","915.7131"
"srv","registered-counting","VariableAllocationBenchmarks.ObjectArray","1024","3","1048576","900089500.00","858.3922"
"srv","registered-counting","VariableAllocationBenchmarks.String","1024","1","2097152","597957500.00","285.1284"
"srv","registered-counting","VariableAllocationBenchmarks.String","1024","2","2097152","657747600.00","313.6385"
"srv","registered-counting","VariableAllocationBenchmarks.String","1024","3","2097152","616070200.00","293.7652"
"srv","registered-counting","VariableAllocationBenchmarks.ByteArray","8192","1","1048576","1057699500.00","1008.7000"
"srv","registered-counting","VariableAllocationBenchmarks.ByteArray","8192","2","1048576","949258600.00","905.2835"
"srv","registered-counting","VariableAllocationBenchmarks.ByteArray","8192","3","1048576","929145400.00","886.1021"
"srv","registered-counting","VariableAllocationBenchmarks.ObjectArray","8192","1","131072","561442100.00","4283.5000"
"srv","registered-counting","VariableAllocationBenchmarks.ObjectArray","8192","2","131072","547228600.00","4175.0000"
"srv","registered-counting","VariableAllocationBenchmarks.ObjectArray","8192","3","131072","522137400.00","3983.6000"
"srv","registered-counting","VariableAllocationBenchmarks.String","8192","1","524288","932683500.00","1779.0000"
"srv","registered-counting","VariableAllocationBenchmarks.String","8192","2","524288","977314700.00","1864.1000"
"srv","registered-counting","VariableAllocationBenchmarks.String","8192","3","524288","924171800.00","1762.7000"
"srv","registered-counting","VariableAllocationBenchmarks.ByteArray","85000","1","131072","960676200.00","7329.4000"
"srv","registered-counting","VariableAllocationBenchmarks.ByteArray","85000","2","131072","916899000.00","6995.4000"
"srv","registered-counting","VariableAllocationBenchmarks.ByteArray","85000","3","131072","993245800.00","7577.9000"
"srv","registered-counting","VariableAllocationBenchmarks.ObjectArray","85000","1","16384","799311900.00","48786.1000"
"srv","registered-counting","VariableAllocationBenchmarks.ObjectArray","85000","2","16384","689555500.00","42087.1000"
"srv","registered-counting","VariableAllocationBenchmarks.ObjectArray","85000","3","16384","691301200.00","42193.7000"
"srv","registered-counting","VariableAllocationBenchmarks.String","85000","1","8192","640933400.00","78238.9000"
"srv","registered-counting","VariableAllocationBenchmarks.String","85000","2","8192","603674200.00","73690.7000"
"srv","registered-counting","VariableAllocationBenchmarks.String","85000","3","8192","625215800.00","76320.3000"
"srv","registered-empty","FixedAllocationBenchmarks.Object","","1","67108864","619886200.00","9.2370"
"srv","registered-empty","FixedAllocationBenchmarks.Object","","2","67108864","599528300.00","8.9337"
"srv","registered-empty","FixedAllocationBenchmarks.Object","","3","67108864","635666000.00","9.4722"
"srv","registered-empty","FixedAllocationBenchmarks.Box","","1","67108864","645409100.00","9.6173"
"srv","registered-empty","FixedAllocationBenchmarks.Box","","2","67108864","664624200.00","9.9037"
"srv","registered-empty","FixedAllocationBenchmarks.Box","","3","67108864","645701500.00","9.6217"
"srv","registered-empty","FixedAllocationBenchmarks.Finalizable","","1","8388608","743559100.00","88.6392"
"srv","registered-empty","FixedAllocationBenchmarks.Finalizable","","2","8388608","725693800.00","86.5094"
"srv","registered-empty","FixedAllocationBenchmarks.Finalizable","","3","8388608","656054600.00","78.2078"
"srv","registered-empty","VariableAllocationBenchmarks.ByteArray","0","1","67108864","667256000.00","9.9429"
"srv","registered-empty","VariableAllocationBenchmarks.ByteArray","0","2","67108864","674505000.00","10.0509"
"srv","registered-empty","VariableAllocationBenchmarks.ByteArray","0","3","67108864","669893300.00","9.9822"
"srv","registered-empty","VariableAllocationBenchmarks.ObjectArray","0","1","67108864","642536700.00","9.5745"
"srv","registered-empty","VariableAllocationBenchmarks.ObjectArray","0","2","67108864","657119000.00","9.7918"
"srv","registered-empty","VariableAllocationBenchmarks.ObjectArray","0","3","67108864","669483600.00","9.9761"
"srv","registered-empty","VariableAllocationBenchmarks.String","0","1","268435456","916045000.00","3.4125"
"srv","registered-empty","VariableAllocationBenchmarks.String","0","2","268435456","910423500.00","3.3916"
"srv","registered-empty","VariableAllocationBenchmarks.String","0","3","268435456","915430300.00","3.4102"
"srv","registered-empty","VariableAllocationBenchmarks.ByteArray","16","1","67108864","788597700.00","11.7510"
"srv","registered-empty","VariableAllocationBenchmarks.ByteArray","16","2","67108864","693078600.00","10.3277"
"srv","registered-empty","VariableAllocationBenchmarks.ByteArray","16","3","67108864","820374600.00","12.2245"
"srv","registered-empty","VariableAllocationBenchmarks.ObjectArray","16","1","33554432","756832900.00","22.5554"
"srv","registered-empty","VariableAllocationBenchmarks.ObjectArray","16","2","33554432","787935400.00","23.4823"
"srv","registered-empty","VariableAllocationBenchmarks.ObjectArray","16","3","33554432","783921400.00","23.3627"
"srv","registered-empty","VariableAllocationBenchmarks.String","16","1","33554432","564873900.00","16.8346"
"srv","registered-empty","VariableAllocationBenchmarks.String","16","2","33554432","546025400.00","16.2728"
"srv","registered-empty","VariableAllocationBenchmarks.String","16","3","33554432","540001000.00","16.0933"
"srv","registered-empty","VariableAllocationBenchmarks.ByteArray","64","1","33554432","555364200.00","16.5511"
"srv","registered-empty","VariableAllocationBenchmarks.ByteArray","64","2","33554432","537628800.00","16.0226"
"srv","registered-empty","VariableAllocationBenchmarks.ByteArray","64","3","33554432","557010900.00","16.6002"
"srv","registered-empty","VariableAllocationBenchmarks.ObjectArray","64","1","8388608","508795800.00","60.6532"
"srv","registered-empty","VariableAllocationBenchmarks.ObjectArray","64","2","8388608","527604500.00","62.8954"
"srv","registered-empty","VariableAllocationBenchmarks.ObjectArray","64","3","8388608","492623100.00","58.7252"
"srv","registered-empty","VariableAllocationBenchmarks.String","64","1","33554432","1043319500.00","31.0933"
"srv","registered-empty","VariableAllocationBenchmarks.String","64","2","33554432","993568500.00","29.6106"
"srv","registered-empty","VariableAllocationBenchmarks.String","64","3","33554432","918817000.00","27.3829"
"srv","registered-empty","VariableAllocationBenchmarks.ByteArray","256","1","16777216","632659300.00","37.7094"
"srv","registered-empty","VariableAllocationBenchmarks.ByteArray","256","2","16777216","635529700.00","37.8805"
"srv","registered-empty","VariableAllocationBenchmarks.ByteArray","256","3","16777216","602098500.00","35.8879"
"srv","registered-empty","VariableAllocationBenchmarks.ObjectArray","256","1","4194304","946610100.00","225.6894"
"srv","registered-empty","VariableAllocationBenchmarks.ObjectArray","256","2","4194304","955238500.00","227.7466"
"srv","registered-empty","VariableAllocationBenchmarks.ObjectArray","256","3","4194304","947375800.00","225.8720"
"srv","registered-empty","VariableAllocationBenchmarks.String","256","1","8388608","617611100.00","73.6250"
"srv","registered-empty","VariableAllocationBenchmarks.String","256","2","8388608","593853300.00","70.7928"
"srv","registered-empty","VariableAllocationBenchmarks.String","256","3","8388608","591681400.00","70.5339"
"srv","registered-empty","VariableAllocationBenchmarks.ByteArray","1024","1","8388608","960585700.00","114.5107"
"srv","registered-empty","VariableAllocationBenchmarks.ByteArray","1024","2","8388608","985928900.00","117.5319"
"srv","registered-empty","VariableAllocationBenchmarks.ByteArray","1024","3","8388608","934265300.00","111.3731"
"srv","registered-empty","VariableAllocationBenchmarks.ObjectArray","1024","1","1048576","903406100.00","861.5552"
"srv","registered-empty","VariableAllocationBenchmarks.ObjectArray","1024","2","1048576","928879700.00","885.8487"
"srv","registered-empty","VariableAllocationBenchmarks.ObjectArray","1024","3","1048576","913048100.00","870.7505"
"srv","registered-empty","VariableAllocationBenchmarks.String","1024","1","2097152","573573000.00","273.5009"
"srv","registered-empty","VariableAllocationBenchmarks.String","1024","2","2097152","569220900.00","271.4257"
"srv","registered-empty","VariableAllocationBenchmarks.String","1024","3","2097152","559276900.00","266.6840"
"srv","registered-empty","VariableAllocationBenchmarks.ByteArray","8192","1","1048576","909508500.00","867.3749"
"srv","registered-empty","VariableAllocationBenchmarks.ByteArray","8192","2","1048576","902034800.00","860.2474"
"srv","registered-empty","VariableAllocationBenchmarks.ByteArray","8192","3","1048576","924141600.00","881.3301"
"srv","registered-empty","VariableAllocationBenchmarks.ObjectArray","8192","1","131072","577141800.00","4403.2000"
"srv","registered-empty","VariableAllocationBenchmarks.ObjectArray","8192","2","131072","590385800.00","4504.3000"
"srv","registered-empty","VariableAllocationBenchmarks.ObjectArray","8192","3","131072","562967500.00","4295.1000"
"srv","registered-empty","VariableAllocationBenchmarks.String","8192","1","262144","498722400.00","1902.5000"
"srv","registered-empty","VariableAllocationBenchmarks.String","8192","2","262144","511769500.00","1952.2000"
"srv","registered-empty","VariableAllocationBenchmarks.String","8192","3","262144","491537600.00","1875.1000"
"srv","registered-empty","VariableAllocationBenchmarks.ByteArray","85000","1","131072","865505600.00","6603.3000"
"srv","registered-empty","VariableAllocationBenchmarks.ByteArray","85000","2","131072","928696400.00","7085.4000"
"srv","registered-empty","VariableAllocationBenchmarks.ByteArray","85000","3","131072","832096100.00","6348.4000"
"srv","registered-empty","VariableAllocationBenchmarks.ObjectArray","85000","1","16384","875601100.00","53442.4000"
"srv","registered-empty","VariableAllocationBenchmarks.ObjectArray","85000","2","16384","919785900.00","56139.3000"
"srv","registered-empty","VariableAllocationBenchmarks.ObjectArray","85000","3","16384","934801700.00","57055.8000"
"srv","registered-empty","VariableAllocationBenchmarks.String","85000","1","8192","592179100.00","72287.5000"
"srv","registered-empty","VariableAllocationBenchmarks.String","85000","2","8192","625476200.00","76352.1000"
"srv","registered-empty","VariableAllocationBenchmarks.String","85000","3","8192","620069300.00","75692.1000"
"srv","unregistered","FixedAllocationBenchmarks.Object","","1","134217728","941264800.00","7.0130"
"srv","unregistered","FixedAllocationBenchmarks.Object","","2","134217728","799945100.00","5.9601"
"srv","unregistered","FixedAllocationBenchmarks.Object","","3","134217728","922606400.00","6.8740"
"srv","unregistered","FixedAllocationBenchmarks.Box","","1","134217728","828489800.00","6.1727"
"srv","unregistered","FixedAllocationBenchmarks.Box","","2","134217728","768084600.00","5.7227"
"srv","unregistered","FixedAllocationBenchmarks.Box","","3","134217728","1021923900.00","7.6139"
"srv","unregistered","FixedAllocationBenchmarks.Finalizable","","1","4194304","289214000.00","68.9540"
"srv","unregistered","FixedAllocationBenchmarks.Finalizable","","2","4194304","301986000.00","71.9991"
"srv","unregistered","FixedAllocationBenchmarks.Finalizable","","3","4194304","302340400.00","72.0836"
"srv","unregistered","VariableAllocationBenchmarks.ByteArray","0","1","134217728","910682500.00","6.7851"
"srv","unregistered","VariableAllocationBenchmarks.ByteArray","0","2","134217728","812751000.00","6.0555"
"srv","unregistered","VariableAllocationBenchmarks.ByteArray","0","3","134217728","990387600.00","7.3790"
"srv","unregistered","VariableAllocationBenchmarks.ObjectArray","0","1","134217728","900447400.00","6.7089"
"srv","unregistered","VariableAllocationBenchmarks.ObjectArray","0","2","134217728","813911000.00","6.0641"
"srv","unregistered","VariableAllocationBenchmarks.ObjectArray","0","3","134217728","921067500.00","6.8625"
"srv","unregistered","VariableAllocationBenchmarks.String","0","1","268435456","911230100.00","3.3946"
"srv","unregistered","VariableAllocationBenchmarks.String","0","2","268435456","906308200.00","3.3763"
"srv","unregistered","VariableAllocationBenchmarks.String","0","3","268435456","919845900.00","3.4267"
"srv","unregistered","VariableAllocationBenchmarks.ByteArray","16","1","67108864","605950500.00","9.0294"
"srv","unregistered","VariableAllocationBenchmarks.ByteArray","16","2","67108864","569933100.00","8.4927"
"srv","unregistered","VariableAllocationBenchmarks.ByteArray","16","3","67108864","600758300.00","8.9520"
"srv","unregistered","VariableAllocationBenchmarks.ObjectArray","16","1","33554432","640434800.00","19.0864"
"srv","unregistered","VariableAllocationBenchmarks.ObjectArray","16","2","33554432","637969100.00","19.0130"
"srv","unregistered","VariableAllocationBenchmarks.ObjectArray","16","3","33554432","621452800.00","18.5207"
"srv","unregistered","VariableAllocationBenchmarks.String","16","1","67108864","841987000.00","12.5466"
"srv","unregistered","VariableAllocationBenchmarks.String","16","2","67108864","855906400.00","12.7540"
"srv","unregistered","VariableAllocationBenchmarks.String","16","3","67108864","819707300.00","12.2146"
"srv","unregistered","VariableAllocationBenchmarks.ByteArray","64","1","67108864","842580500.00","12.5554"
"srv","unregistered","VariableAllocationBenchmarks.ByteArray","64","2","67108864","849723900.00","12.6619"
"srv","unregistered","VariableAllocationBenchmarks.ByteArray","64","3","67108864","833223500.00","12.4160"
"srv","unregistered","VariableAllocationBenchmarks.ObjectArray","64","1","16777216","1044286700.00","62.2443"
"srv","unregistered","VariableAllocationBenchmarks.ObjectArray","64","2","16777216","1049637500.00","62.5633"
"srv","unregistered","VariableAllocationBenchmarks.ObjectArray","64","3","16777216","1015070400.00","60.5029"
"srv","unregistered","VariableAllocationBenchmarks.String","64","1","33554432","809522400.00","24.1256"
"srv","unregistered","VariableAllocationBenchmarks.String","64","2","33554432","771470600.00","22.9916"
"srv","unregistered","VariableAllocationBenchmarks.String","64","3","33554432","808018800.00","24.0808"
"srv","unregistered","VariableAllocationBenchmarks.ByteArray","256","1","16777216","559034400.00","33.3210"
"srv","unregistered","VariableAllocationBenchmarks.ByteArray","256","2","16777216","516643100.00","30.7943"
"srv","unregistered","VariableAllocationBenchmarks.ByteArray","256","3","16777216","564039500.00","33.6194"
"srv","unregistered","VariableAllocationBenchmarks.ObjectArray","256","1","4194304","916386800.00","218.4836"
"srv","unregistered","VariableAllocationBenchmarks.ObjectArray","256","2","4194304","940099900.00","224.1373"
"srv","unregistered","VariableAllocationBenchmarks.ObjectArray","256","3","4194304","934214100.00","222.7340"
"srv","unregistered","VariableAllocationBenchmarks.String","256","1","8388608","584834400.00","69.7177"
"srv","unregistered","VariableAllocationBenchmarks.String","256","2","8388608","568534400.00","67.7746"
"srv","unregistered","VariableAllocationBenchmarks.String","256","3","8388608","573316800.00","68.3447"
"srv","unregistered","VariableAllocationBenchmarks.ByteArray","1024","1","8388608","940900200.00","112.1640"
"srv","unregistered","VariableAllocationBenchmarks.ByteArray","1024","2","8388608","976183300.00","116.3701"
"srv","unregistered","VariableAllocationBenchmarks.ByteArray","1024","3","8388608","913116000.00","108.8519"
"srv","unregistered","VariableAllocationBenchmarks.ObjectArray","1024","1","1048576","862487000.00","822.5317"
"srv","unregistered","VariableAllocationBenchmarks.ObjectArray","1024","2","1048576","882727000.00","841.8341"
"srv","unregistered","VariableAllocationBenchmarks.ObjectArray","1024","3","1048576","862195100.00","822.2533"
"srv","unregistered","VariableAllocationBenchmarks.String","1024","1","2097152","568276300.00","270.9753"
"srv","unregistered","VariableAllocationBenchmarks.String","1024","2","2097152","552633500.00","263.5162"
"srv","unregistered","VariableAllocationBenchmarks.String","1024","3","2097152","537674500.00","256.3832"
"srv","unregistered","VariableAllocationBenchmarks.ByteArray","8192","1","1048576","896671300.00","855.1324"
"srv","unregistered","VariableAllocationBenchmarks.ByteArray","8192","2","1048576","854669000.00","815.0759"
"srv","unregistered","VariableAllocationBenchmarks.ByteArray","8192","3","1048576","884102000.00","843.1454"
"srv","unregistered","VariableAllocationBenchmarks.ObjectArray","8192","1","131072","545345500.00","4160.7000"
"srv","unregistered","VariableAllocationBenchmarks.ObjectArray","8192","2","131072","539326500.00","4114.7000"
"srv","unregistered","VariableAllocationBenchmarks.ObjectArray","8192","3","131072","547770800.00","4179.2000"
"srv","unregistered","VariableAllocationBenchmarks.String","8192","1","524288","1022703200.00","1950.7000"
"srv","unregistered","VariableAllocationBenchmarks.String","8192","2","524288","955183400.00","1821.9000"
"srv","unregistered","VariableAllocationBenchmarks.String","8192","3","524288","987039300.00","1882.6000"
"srv","unregistered","VariableAllocationBenchmarks.ByteArray","85000","1","131072","897441900.00","6846.9000"
"srv","unregistered","VariableAllocationBenchmarks.ByteArray","85000","2","131072","909011100.00","6935.2000"
"srv","unregistered","VariableAllocationBenchmarks.ByteArray","85000","3","131072","952388200.00","7266.1000"
"srv","unregistered","VariableAllocationBenchmarks.ObjectArray","85000","1","16384","797640600.00","48684.1000"
"srv","unregistered","VariableAllocationBenchmarks.ObjectArray","85000","2","16384","826198900.00","50427.2000"
"srv","unregistered","VariableAllocationBenchmarks.ObjectArray","85000","3","16384","741212800.00","45240.0000"
"srv","unregistered","VariableAllocationBenchmarks.String","85000","1","8192","629001600.00","76782.4000"
"srv","unregistered","VariableAllocationBenchmarks.String","85000","2","8192","616390800.00","75243.0000"
"srv","unregistered","VariableAllocationBenchmarks.String","85000","3","8192","631241500.00","77055.8000"
"wks","registered-counting","FixedAllocationBenchmarks.Object","","1","33554432","692360100.00","20.6339"
"wks","registered-counting","FixedAllocationBenchmarks.Object","","2","33554432","494001000.00","14.7224"
"wks","registered-counting","FixedAllocationBenchmarks.Object","","3","33554432","423651000.00","12.6258"
"wks","registered-counting","FixedAllocationBenchmarks.Box","","1","67108864","980374200.00","14.6087"
"wks","registered-counting","FixedAllocationBenchmarks.Box","","2","67108864","899883900.00","13.4093"
"wks","registered-counting","FixedAllocationBenchmarks.Box","","3","67108864","888691900.00","13.2425"
"wks","registered-counting","FixedAllocationBenchmarks.Finalizable","","1","4194304","797214800.00","190.0708"
"wks","registered-counting","FixedAllocationBenchmarks.Finalizable","","2","4194304","790682800.00","188.5135"
"wks","registered-counting","FixedAllocationBenchmarks.Finalizable","","3","4194304","766292900.00","182.6985"
"wks","registered-counting","VariableAllocationBenchmarks.ByteArray","0","1","67108864","860697500.00","12.8254"
"wks","registered-counting","VariableAllocationBenchmarks.ByteArray","0","2","67108864","859537400.00","12.8081"
"wks","registered-counting","VariableAllocationBenchmarks.ByteArray","0","3","67108864","851559300.00","12.6892"
"wks","registered-counting","VariableAllocationBenchmarks.ObjectArray","0","1","67108864","863553700.00","12.8680"
"wks","registered-counting","VariableAllocationBenchmarks.ObjectArray","0","2","67108864","868349400.00","12.9394"
"wks","registered-counting","VariableAllocationBenchmarks.ObjectArray","0","3","67108864","849973500.00","12.6656"
"wks","registered-counting","VariableAllocationBenchmarks.String","0","1","134217728","615760600.00","4.5878"
"wks","registered-counting","VariableAllocationBenchmarks.String","0","2","134217728","608409500.00","4.5330"
"wks","registered-counting","VariableAllocationBenchmarks.String","0","3","134217728","609037700.00","4.5377"
"wks","registered-counting","VariableAllocationBenchmarks.ByteArray","16","1","33554432","754366000.00","22.4819"
"wks","registered-counting","VariableAllocationBenchmarks.ByteArray","16","2","33554432","698905500.00","20.8290"
"wks","registered-counting","VariableAllocationBenchmarks.ByteArray","16","3","33554432","757160600.00","22.5651"
"wks","registered-counting","VariableAllocationBenchmarks.ObjectArray","16","1","16777216","613282900.00","36.5545"
"wks","registered-counting","VariableAllocationBenchmarks.ObjectArray","16","2","16777216","621627100.00","37.0519"
"wks","registered-counting","VariableAllocationBenchmarks.ObjectArray","16","3","16777216","612147200.00","36.4868"
"wks","registered-counting","VariableAllocationBenchmarks.String","16","1","16777216","523904700.00","31.2272"
"wks","registered-counting","VariableAllocationBenchmarks.String","16","2","16777216","514424000.00","30.6621"
"wks","registered-counting","VariableAllocationBenchmarks.String","16","3","16777216","513247900.00","30.5920"
"wks","registered-counting","VariableAllocationBenchmarks.ByteArray","64","1","33554432","964539500.00","28.7455"
"wks","registered-counting","VariableAllocationBenchmarks.ByteArray","64","2","33554432","842328400.00","25.1033"
"wks","registered-counting","VariableAllocationBenchmarks.ByteArray","64","3","33554432","973132000.00","29.0016"
"wks","registered-counting","VariableAllocationBenchmarks.ObjectArray","64","1","8388608","657283400.00","78.3543"
"wks","registered-counting","VariableAllocationBenchmarks.ObjectArray","64","2","8388608","492886700.00","58.7567"
"wks","registered-counting","VariableAllocationBenchmarks.ObjectArray","64","3","8388608","663900100.00","79.1431"
"wks","registered-counting","VariableAllocationBenchmarks.String","64","1","33554432","815236000.00","24.2959"
"wks","registered-counting","VariableAllocationBenchmarks.String","64","2","33554432","836832100.00","24.9395"
"wks","registered-counting","VariableAllocationBenchmarks.String","64","3","33554432","797312000.00","23.7617"
"wks","registered-counting","VariableAllocationBenchmarks.ByteArray","256","1","16777216","541472600.00","32.2743"
"wks","registered-counting","VariableAllocationBenchmarks.ByteArray","256","2","16777216","464321100.00","27.6757"
"wks","registered-counting","VariableAllocationBenchmarks.ByteArray","256","3","16777216","514168700.00","30.6468"
"wks","registered-counting","VariableAllocationBenchmarks.ObjectArray","256","1","4194304","586826800.00","139.9104"
"wks","registered-counting","VariableAllocationBenchmarks.ObjectArray","256","2","4194304","579900600.00","138.2591"
"wks","registered-counting","VariableAllocationBenchmarks.ObjectArray","256","3","4194304","612745300.00","146.0899"
"wks","registered-counting","VariableAllocationBenchmarks.String","256","1","16777216","914035200.00","54.4807"
"wks","registered-counting","VariableAllocationBenchmarks.String","256","2","16777216","915073500.00","54.5426"
"wks","registered-counting","VariableAllocationBenchmarks.String","256","3","16777216","952609500.00","56.7800"
"wks","registered-counting","VariableAllocationBenchmarks.ByteArray","1024","1","8388608","642703800.00","76.6163"
"wks","registered-counting","VariableAllocationBenchmarks.ByteArray","1024","2","8388608","628054900.00","74.8700"
"wks","registered-counting","VariableAllocationBenchmarks.ByteArray","1024","3","8388608","593073000.00","70.6998"
"wks","registered-counting","VariableAllocationBenchmarks.ObjectArray","1024","1","1048576","512099400.00","488.3760"
"wks","registered-counting","VariableAllocationBenchmarks.ObjectArray","1024","2","1048576","494467200.00","471.5607"
"wks","registered-counting","VariableAllocationBenchmarks.ObjectArray","1024","3","1048576","482507800.00","460.1553"
"wks","registered-counting","VariableAllocationBenchmarks.String","1024","1","4194304","717821400.00","171.1420"
"wks","registered-counting","VariableAllocationBenchmarks.String","1024","2","4194304","724208100.00","172.6647"
"wks","registered-counting","VariableAllocationBenchmarks.String","1024","3","4194304","755328000.00","180.0842"
"wks","registered-counting","VariableAllocationBenchmarks.ByteArray","8192","1","2097152","958362700.00","456.9829"
"wks","registered-counting","VariableAllocationBenchmarks.ByteArray","8192","2","2097152","1089530600.00","519.5287"
"wks","registered-counting","VariableAllocationBenchmarks.ByteArray","8192","3","2097152","992251500.00","473.1424"
"wks","registered-counting","VariableAllocationBenchmarks.ObjectArray","8192","1","262144","706116300.00","2693.6000"
"wks","registered-counting","VariableAllocationBenchmarks.ObjectArray","8192","2","262144","716330900.00","2732.6000"
"wks","registered-counting","VariableAllocationBenchmarks.ObjectArray","8192","3","262144","698164300.00","2663.3000"
"wks","registered-counting","VariableAllocationBenchmarks.String","8192","1","524288","615913200.00","1174.8000"
"wks","registered-counting","VariableAllocationBenchmarks.String","8192","2","524288","627264600.00","1196.4000"
"wks","registered-counting","VariableAllocationBenchmarks.String","8192","3","524288","625740800.00","1193.5000"
"wks","registered-counting","VariableAllocationBenchmarks.ByteArray","85000","1","65536","735555000.00","11223.7000"
"wks","registered-counting","VariableAllocationBenchmarks.ByteArray","85000","2","65536","707347400.00","10793.3000"
"wks","registered-counting","VariableAllocationBenchmarks.ByteArray","85000","3","65536","698937700.00","10664.9000"
"wks","registered-counting","VariableAllocationBenchmarks.ObjectArray","85000","1","8192","544822700.00","66506.7000"
"wks","registered-counting","VariableAllocationBenchmarks.ObjectArray","85000","2","8192","553717800.00","67592.5000"
"wks","registered-counting","VariableAllocationBenchmarks.ObjectArray","85000","3","8192","568134000.00","69352.3000"
"wks","registered-counting","VariableAllocationBenchmarks.String","85000","1","8192","649109300.00","79237.0000"
"wks","registered-counting","VariableAllocationBenchmarks.String","85000","2","8192","647088600.00","78990.3000"
"wks","registered-counting","VariableAllocationBenchmarks.String","85000","3","8192","646686400.00","78941.2000"
"wks","registered-empty","FixedAllocationBenchmarks.Object","","1","67108864","578553100.00","8.6211"
"wks","registered-empty","FixedAllocationBenchmarks.Object","","2","67108864","557672800.00","8.3100"
"wks","registered-empty","FixedAllocationBenchmarks.Object","","3","67108864","580499600.00","8.6501"
"wks","registered-empty","FixedAllocationBenchmarks.Box","","1","67108864","589848300.00","8.7894"
"wks","registered-empty","FixedAllocationBenchmarks.Box","","2","67108864","583121800.00","8.6892"
"wks","registered-empty","FixedAllocationBenchmarks.Box","","3","67108864","587509700.00","8.7546"
"wks","registered-empty","FixedAllocationBenchmarks.Finalizable","","1","4194304","811096700.00","193.3805"
"wks","registered-empty","FixedAllocationBenchmarks.Finalizable","","2","4194304","766164600.00","182.6679"
"wks","registered-empty","FixedAllocationBenchmarks.Finalizable","","3","4194304","765186900.00","182.4348"
"wks","registered-empty","VariableAllocationBenchmarks.ByteArray","0","1","67108864","618756600.00","9.2202"
"wks","registered-empty","VariableAllocationBenchmarks.ByteArray","0","2","67108864","593611500.00","8.8455"
"wks","registered-empty","VariableAllocationBenchmarks.ByteArray","0","3","67108864","597978100.00","8.9106"
"wks","registered-empty","VariableAllocationBenchmarks.ObjectArray","0","1","67108864","572275500.00","8.5276"
"wks","registered-empty","VariableAllocationBenchmarks.ObjectArray","0","2","67108864","574546800.00","8.5614"
"wks","registered-empty","VariableAllocationBenchmarks.ObjectArray","0","3","67108864","561313600.00","8.3642"
"wks","registered-empty","VariableAllocationBenchmarks.String","0","1","268435456","912345400.00","3.3988"
"wks","registered-empty","VariableAllocationBenchmarks.String","0","2","268435456","913730700.00","3.4039"
"wks","registered-empty","VariableAllocationBenchmarks.String","0","3","268435456","911423500.00","3.3953"
"wks","registered-empty","VariableAllocationBenchmarks.ByteArray","16","1","67108864","675698000.00","10.0687"
"wks","registered-empty","VariableAllocationBenchmarks.ByteArray","16","2","67108864","669373400.00","9.9744"
"wks","registered-empty","VariableAllocationBenchmarks.ByteArray","16","3","67108864","690133300.00","10.2838"
"wks","registered-empty","VariableAllocationBenchmarks.ObjectArray","16","1","33554432","512959500.00","15.2874"
"wks","registered-empty","VariableAllocationBenchmarks.ObjectArray","16","2","33554432","521255800.00","15.5346"
"wks","registered-empty","VariableAllocationBenchmarks.ObjectArray","16","3","33554432","505287100.00","15.0587"
"wks","registered-empty","VariableAllocationBenchmarks.String","16","1","67108864","930555300.00","13.8664"
"wks","registered-empty","VariableAllocationBenchmarks.String","16","2","67108864","945603600.00","14.0906"
"wks","registered-empty","VariableAllocationBenchmarks.String","16","3","67108864","953548900.00","14.2090"
"wks","registered-empty","VariableAllocationBenchmarks.ByteArray","64","1","67108864","879827300.00","13.1104"
"wks","registered-empty","VariableAllocationBenchmarks.ByteArray","64","2","67108864","871413600.00","12.9851"
"wks","registered-empty","VariableAllocationBenchmarks.ByteArray","64","3","67108864","847178600.00","12.6239"
"wks","registered-empty","VariableAllocationBenchmarks.ObjectArray","64","1","16777216","546870200.00","32.5960"
"wks","registered-empty","VariableAllocationBenchmarks.ObjectArray","64","2","16777216","557522200.00","33.2309"
"wks","registered-empty","VariableAllocationBenchmarks.ObjectArray","64","3","16777216","561020000.00","33.4394"
"wks","registered-empty","VariableAllocationBenchmarks.String","64","1","33554432","611600900.00","18.2271"
"wks","registered-empty","VariableAllocationBenchmarks.String","64","2","33554432","615850300.00","18.3538"
"wks","registered-empty","VariableAllocationBenchmarks.String","64","3","33554432","665848900.00","19.8438"
"wks","registered-empty","VariableAllocationBenchmarks.ByteArray","256","1","33554432","684400100.00","20.3967"
"wks","registered-empty","VariableAllocationBenchmarks.ByteArray","256","2","33554432","718145200.00","21.4024"
"wks","registered-empty","VariableAllocationBenchmarks.ByteArray","256","3","33554432","688457000.00","20.5176"
"wks","registered-empty","VariableAllocationBenchmarks.ObjectArray","256","1","8388608","918804400.00","109.5300"
"wks","registered-empty","VariableAllocationBenchmarks.ObjectArray","256","2","8388608","863536100.00","102.9415"
"wks","registered-empty","VariableAllocationBenchmarks.ObjectArray","256","3","8388608","884200700.00","105.4049"
"wks","registered-empty","VariableAllocationBenchmarks.String","256","1","16777216","780272500.00","46.5079"
"wks","registered-empty","VariableAllocationBenchmarks.String","256","2","16777216","854795500.00","50.9498"
"wks","registered-empty","VariableAllocationBenchmarks.String","256","3","16777216","756844400.00","45.1114"
"wks","registered-empty","VariableAllocationBenchmarks.ByteArray","1024","1","8388608","494455300.00","58.9437"
"wks","registered-empty","VariableAllocationBenchmarks.ByteArray","1024","2","8388608","541008400.00","64.4932"
"wks","registered-empty","VariableAllocationBenchmarks.ByteArray","1024","3","8388608","541137200.00","64.5086"
"wks","registered-empty","VariableAllocationBenchmarks.ObjectArray","1024","1","2097152","864768700.00","412.3538"
"wks","registered-empty","VariableAllocationBenchmarks.ObjectArray","1024","2","2097152","992755500.00","473.3827"
"wks","registered-empty","VariableAllocationBenchmarks.ObjectArray","1024","3","2097152","903059300.00","430.6122"
"wks","registered-empty","VariableAllocationBenchmarks.String","1024","1","4194304","605613800.00","144.3896"
"wks","registered-empty","VariableAllocationBenchmarks.String","1024","2","4194304","609265700.00","145.2603"
"wks","registered-empty","VariableAllocationBenchmarks.String","1024","3","4194304","679832200.00","162.0846"
"wks","registered-empty","VariableAllocationBenchmarks.ByteArray","8192","1","2097152","1843613800.00","879.1036"
"wks","registered-empty","VariableAllocationBenchmarks.ByteArray","8192","2","2097152","1827794900.00","871.5605"
"wks","registered-empty","VariableAllocationBenchmarks.ByteArray","8192","3","2097152","1841772600.00","878.2256"
"wks","registered-empty","VariableAllocationBenchmarks.ObjectArray","8192","1","262144","749197400.00","2858.0000"
"wks","registered-empty","VariableAllocationBenchmarks.ObjectArray","8192","2","262144","731437400.00","2790.2000"
"wks","registered-empty","VariableAllocationBenchmarks.ObjectArray","8192","3","262144","716597200.00","2733.6000"
"wks","registered-empty","VariableAllocationBenchmarks.String","8192","1","524288","678373400.00","1293.9000"
"wks","registered-empty","VariableAllocationBenchmarks.String","8192","2","524288","617764400.00","1178.3000"
"wks","registered-empty","VariableAllocationBenchmarks.String","8192","3","524288","654359200.00","1248.1000"
"wks","registered-empty","VariableAllocationBenchmarks.ByteArray","85000","1","32768","357791600.00","10918.9000"
"wks","registered-empty","VariableAllocationBenchmarks.ByteArray","85000","2","32768","359848600.00","10981.7000"
"wks","registered-empty","VariableAllocationBenchmarks.ByteArray","85000","3","32768","365889200.00","11166.1000"
"wks","registered-empty","VariableAllocationBenchmarks.ObjectArray","85000","1","8192","491416700.00","59987.4000"
"wks","registered-empty","VariableAllocationBenchmarks.ObjectArray","85000","2","8192","507543500.00","61956.0000"
"wks","registered-empty","VariableAllocationBenchmarks.ObjectArray","85000","3","8192","494397000.00","60351.2000"
"wks","registered-empty","VariableAllocationBenchmarks.String","85000","1","8192","641884400.00","78355.0000"
"wks","registered-empty","VariableAllocationBenchmarks.String","85000","2","8192","635397400.00","77563.2000"
"wks","registered-empty","VariableAllocationBenchmarks.String","85000","3","8192","639205300.00","78028.0000"
"wks","unregistered","FixedAllocationBenchmarks.Object","","1","134217728","652999800.00","4.8652"
"wks","unregistered","FixedAllocationBenchmarks.Object","","2","134217728","620808800.00","4.6254"
"wks","unregistered","FixedAllocationBenchmarks.Object","","3","134217728","635507700.00","4.7349"
"wks","unregistered","FixedAllocationBenchmarks.Box","","1","134217728","626520100.00","4.6679"
"wks","unregistered","FixedAllocationBenchmarks.Box","","2","134217728","636378000.00","4.7414"
"wks","unregistered","FixedAllocationBenchmarks.Box","","3","134217728","625985400.00","4.6640"
"wks","unregistered","FixedAllocationBenchmarks.Finalizable","","1","4194304","810981500.00","193.3531"
"wks","unregistered","FixedAllocationBenchmarks.Finalizable","","2","4194304","736778500.00","175.6617"
"wks","unregistered","FixedAllocationBenchmarks.Finalizable","","3","4194304","725487800.00","172.9698"
"wks","unregistered","VariableAllocationBenchmarks.ByteArray","0","1","134217728","618095800.00","4.6052"
"wks","unregistered","VariableAllocationBenchmarks.ByteArray","0","2","134217728","601751200.00","4.4834"
"wks","unregistered","VariableAllocationBenchmarks.ByteArray","0","3","134217728","630433700.00","4.6971"
"wks","unregistered","VariableAllocationBenchmarks.ObjectArray","0","1","134217728","600567200.00","4.4746"
"wks","unregistered","VariableAllocationBenchmarks.ObjectArray","0","2","134217728","579290100.00","4.3160"
"wks","unregistered","VariableAllocationBenchmarks.ObjectArray","0","3","134217728","614027100.00","4.5749"
"wks","unregistered","VariableAllocationBenchmarks.String","0","1","268435456","911584600.00","3.3959"
"wks","unregistered","VariableAllocationBenchmarks.String","0","2","268435456","913172100.00","3.4018"
"wks","unregistered","VariableAllocationBenchmarks.String","0","3","268435456","911725500.00","3.3964"
"wks","unregistered","VariableAllocationBenchmarks.ByteArray","16","1","134217728","825819000.00","6.1528"
"wks","unregistered","VariableAllocationBenchmarks.ByteArray","16","2","134217728","731099900.00","5.4471"
"wks","unregistered","VariableAllocationBenchmarks.ByteArray","16","3","134217728","776023800.00","5.7818"
"wks","unregistered","VariableAllocationBenchmarks.ObjectArray","16","1","67108864","770951100.00","11.4881"
"wks","unregistered","VariableAllocationBenchmarks.ObjectArray","16","2","67108864","833381900.00","12.4184"
"wks","unregistered","VariableAllocationBenchmarks.ObjectArray","16","3","67108864","762251000.00","11.3584"
"wks","unregistered","VariableAllocationBenchmarks.String","16","1","67108864","677378200.00","10.0937"
"wks","unregistered","VariableAllocationBenchmarks.String","16","2","67108864","681313900.00","10.1524"
"wks","unregistered","VariableAllocationBenchmarks.String","16","3","67108864","665971700.00","9.9238"
"wks","unregistered","VariableAllocationBenchmarks.ByteArray","64","1","67108864","577650400.00","8.6077"
"wks","unregistered","VariableAllocationBenchmarks.ByteArray","64","2","67108864","574782900.00","8.5649"
"wks","unregistered","VariableAllocationBenchmarks.ByteArray","64","3","67108864","544846800.00","8.1188"
"wks","unregistered","VariableAllocationBenchmarks.ObjectArray","64","1","16777216","480500700.00","28.6401"
"wks","unregistered","VariableAllocationBenchmarks.ObjectArray","64","2","16777216","571622400.00","34.0714"
"wks","unregistered","VariableAllocationBenchmarks.ObjectArray","64","3","16777216","586136100.00","34.9364"
"wks","unregistered","VariableAllocationBenchmarks.String","64","1","33554432","528100300.00","15.7386"
"wks","unregistered","VariableAllocationBenchmarks.String","64","2","33554432","495626600.00","14.7708"
"wks","unregistered","VariableAllocationBenchmarks.String","64","3","33554432","553837100.00","16.5056"
"wks","unregistered","VariableAllocationBenchmarks.ByteArray","256","1","33554432","635089000.00","18.9271"
"wks","unregistered","VariableAllocationBenchmarks.ByteArray","256","2","33554432","601741600.00","17.9333"
"wks","unregistered","VariableAllocationBenchmarks.ByteArray","256","3","33554432","569623200.00","16.9761"
"wks","unregistered","VariableAllocationBenchmarks.ObjectArray","256","1","4194304","466450600.00","111.2105"
"wks","unregistered","VariableAllocationBenchmarks.ObjectArray","256","2","4194304","462512100.00","110.2715"
"wks","unregistered","VariableAllocationBenchmarks.ObjectArray","256","3","4194304","461463400.00","110.0214"
"wks","unregistered","VariableAllocationBenchmarks.String","256","1","16777216","696678300.00","41.5253"
"wks","unregistered","VariableAllocationBenchmarks.String","256","2","16777216","741621800.00","44.2041"
"wks","unregistered","VariableAllocationBenchmarks.String","256","3","16777216","733587700.00","43.7252"
"wks","unregistered","VariableAllocationBenchmarks.ByteArray","1024","1","8388608","506755800.00","60.4100"
"wks","unregistered","VariableAllocationBenchmarks.ByteArray","1024","2","8388608","448516400.00","53.4673"
"wks","unregistered","VariableAllocationBenchmarks.ByteArray","1024","3","8388608","496118100.00","59.1419"
"wks","unregistered","VariableAllocationBenchmarks.ObjectArray","1024","1","2097152","873367500.00","416.4541"
"wks","unregistered","VariableAllocationBenchmarks.ObjectArray","1024","2","2097152","1044017400.00","497.8263"
"wks","unregistered","VariableAllocationBenchmarks.ObjectArray","1024","3","2097152","935576000.00","446.1174"
"wks","unregistered","VariableAllocationBenchmarks.String","1024","1","4194304","632869900.00","150.8879"
"wks","unregistered","VariableAllocationBenchmarks.String","1024","2","4194304","616137600.00","146.8987"
"wks","unregistered","VariableAllocationBenchmarks.String","1024","3","4194304","701056900.00","167.1450"
"wks","unregistered","VariableAllocationBenchmarks.ByteArray","8192","1","2097152","884968300.00","421.9858"
"wks","unregistered","VariableAllocationBenchmarks.ByteArray","8192","2","2097152","906016900.00","432.0225"
"wks","unregistered","VariableAllocationBenchmarks.ByteArray","8192","3","2097152","883108800.00","421.0991"
"wks","unregistered","VariableAllocationBenchmarks.ObjectArray","8192","1","262144","713010700.00","2719.9000"
"wks","unregistered","VariableAllocationBenchmarks.ObjectArray","8192","2","262144","694055300.00","2647.6000"
"wks","unregistered","VariableAllocationBenchmarks.ObjectArray","8192","3","262144","691901200.00","2639.4000"
"wks","unregistered","VariableAllocationBenchmarks.String","8192","1","524288","595850200.00","1136.5000"
"wks","unregistered","VariableAllocationBenchmarks.String","8192","2","524288","533289800.00","1017.2000"
"wks","unregistered","VariableAllocationBenchmarks.String","8192","3","524288","651463100.00","1242.6000"
"wks","unregistered","VariableAllocationBenchmarks.ByteArray","85000","1","65536","708834800.00","10816.0000"
"wks","unregistered","VariableAllocationBenchmarks.ByteArray","85000","2","65536","707651200.00","10797.9000"
"wks","unregistered","VariableAllocationBenchmarks.ByteArray","85000","3","65536","711128000.00","10851.0000"
"wks","unregistered","VariableAllocationBenchmarks.ObjectArray","85000","1","8192","491214500.00","59962.7000"
"wks","unregistered","VariableAllocationBenchmarks.ObjectArray","85000","2","8192","493107400.00","60193.8000"
"wks","unregistered","VariableAllocationBenchmarks.ObjectArray","85000","3","8192","487068900.00","59456.7000"
"wks","unregistered","VariableAllocationBenchmarks.String","85000","1","8192","630218800.00","76931.0000"
"wks","unregistered","VariableAllocationBenchmarks.String","85000","2","8192","617453500.00","75372.7000"
"wks","unregistered","VariableAllocationBenchmarks.String","85000","3","8192","617806700.00","75415.9000"
