"Build","OS","Configuration","Variant","Sha256","Length","Path"
"disabled","windows","Debug","default","B9C8DBE525E40EF92BEC642DE9275EBA88BFBF3F2433194F5F05E0973A280278","531","disabled-debug-AllocFast.obj"
"disabled","windows","Debug","notification","46905FA43149FD1ECCCC53D6676BA16C85C04F5BDB39AC71AAC3E441BAE3A6AC","439","disabled-debug-AllocFastNotification.obj"
"enabled","windows","Debug","default","B9C8DBE525E40EF92BEC642DE9275EBA88BFBF3F2433194F5F05E0973A280278","531","AllocFast.asm.obj"
"enabled","windows","Debug","notification","46905FA43149FD1ECCCC53D6676BA16C85C04F5BDB39AC71AAC3E441BAE3A6AC","439","AllocFastNotification.asm.obj"
"disabled","windows","Release","default","B9C8DBE525E40EF92BEC642DE9275EBA88BFBF3F2433194F5F05E0973A280278","531","disabled-release-AllocFast.obj"
"disabled","windows","Release","notification","46905FA43149FD1ECCCC53D6676BA16C85C04F5BDB39AC71AAC3E441BAE3A6AC","439","disabled-release-AllocFastNotification.obj"
"enabled","windows","Release","default","B9C8DBE525E40EF92BEC642DE9275EBA88BFBF3F2433194F5F05E0973A280278","531","AllocFast.asm.obj"
"enabled","windows","Release","notification","46905FA43149FD1ECCCC53D6676BA16C85C04F5BDB39AC71AAC3E441BAE3A6AC","439","AllocFastNotification.asm.obj"
"unregistered","windows","Release","managed-allocation-codegen","E70BCCAE08D04C9377C3DDC44B1E20CCEFE9CF72F8BD5209DEB3F3732E007092","1859","p14-codegen-unregistered.normalized.txt"
"registered","windows","Release","managed-allocation-codegen","E70BCCAE08D04C9377C3DDC44B1E20CCEFE9CF72F8BD5209DEB3F3732E007092","1859","p14-codegen-registered.normalized.txt"
"enabled","linux","Debug","default","12F38A2881D8A86D7996B449C982BA189CC87BF127D4E291B84A1DD3AAC45A00","592","AllocFast.S.o"
"enabled","linux","Debug","notification","BD9D12FBE7A0A089C7C23398992ABF4C04BCCA08211CF3B3493097A7E9429725","492","AllocFastNotification.S.o"
