Method,Job,AnalyzeLaunchVariance,EvaluateOverhead,MaxAbsoluteError,MaxRelativeError,MinInvokeCount,MinIterationTime,OutlierMode,Affinity,EnvironmentVariables,Jit,LargeAddressAware,Platform,PowerPlanMode,Runtime,AllowVeryLargeObjects,Concurrent,CpuGroups,Force,HeapAffinitizeMask,HeapCount,NoAffinitize,RetainVm,Server,Arguments,BuildConfiguration,Clock,EngineFactory,Toolchain,IsMutator,ConsumeTasksSynchronously,InvocationCount,IterationCount,IterationTime,JitTieringMode,LaunchCount,MaxIterationCount,MaxWarmupIterationCount,MemoryRandomization,MinIterationCount,MinWarmupIterationCount,RunStrategy,UnrollFactor,WarmupCount,LogReferenceCountBits,Mean,Error,StdDev,Median,Ratio,RatioSD
MapAndLoad,Job-TZWPHG,False,Default,Default,Default,Default,Default,Default,1111111111111111,Empty,RyuJit,Default,X64,8c5e7fda-e8bf-4a96-9a85-a6e23a8c635c,.NET 11.0,False,True,False,True,Default,Default,False,False,False,Default,Default,Default,Default,Default,Default,False,Default,20,Default,Default,3,Default,Default,Default,Default,Default,Default,16,8,1,18.4463 ns,0.0277 ns,0.0589 ns,18.4453 ns,1.00,0.00
MapAndLoadControl,Job-TZWPHG,False,Default,Default,Default,Default,Default,Default,1111111111111111,Empty,RyuJit,Default,X64,8c5e7fda-e8bf-4a96-9a85-a6e23a8c635c,.NET 11.0,False,True,False,True,Default,Default,False,False,False,Default,Default,Default,Default,Default,Default,False,Default,20,Default,Default,3,Default,Default,Default,Default,Default,Default,16,8,1,18.4170 ns,0.0210 ns,0.0456 ns,18.4118 ns,1.00,0.00
PrecomputedLoad,Job-TZWPHG,False,Default,Default,Default,Default,Default,Default,1111111111111111,Empty,RyuJit,Default,X64,8c5e7fda-e8bf-4a96-9a85-a6e23a8c635c,.NET 11.0,False,True,False,True,Default,Default,False,False,False,Default,Default,Default,Default,Default,Default,False,Default,20,Default,Default,3,Default,Default,Default,Default,Default,Default,16,8,1,0.5920 ns,0.0008 ns,0.0017 ns,0.5919 ns,0.03,0.00
BitStore,Job-TZWPHG,False,Default,Default,Default,Default,Default,Default,1111111111111111,Empty,RyuJit,Default,X64,8c5e7fda-e8bf-4a96-9a85-a6e23a8c635c,.NET 11.0,False,True,False,True,Default,Default,False,False,False,Default,Default,Default,Default,Default,Default,False,Default,20,Default,Default,3,Default,Default,Default,Default,Default,Default,16,8,1,26.2060 ns,0.1280 ns,0.2836 ns,26.3737 ns,1.42,0.02
ReferenceCountUpdate,Job-TZWPHG,False,Default,Default,Default,Default,Default,Default,1111111111111111,Empty,RyuJit,Default,X64,8c5e7fda-e8bf-4a96-9a85-a6e23a8c635c,.NET 11.0,False,True,False,True,Default,Default,False,False,False,Default,Default,Default,Default,Default,Default,False,Default,20,Default,Default,3,Default,Default,Default,Default,Default,Default,16,8,1,14.7778 ns,0.0310 ns,0.0668 ns,14.7668 ns,0.80,0.00
ByteUpdate,Job-TZWPHG,False,Default,Default,Default,Default,Default,Default,1111111111111111,Empty,RyuJit,Default,X64,8c5e7fda-e8bf-4a96-9a85-a6e23a8c635c,.NET 11.0,False,True,False,True,Default,Default,False,False,False,Default,Default,Default,Default,Default,Default,False,Default,20,Default,Default,3,Default,Default,Default,Default,Default,Default,16,8,1,27.1293 ns,0.4960 ns,1.0677 ns,26.4072 ns,1.47,0.06
BulkRead64KiB,Job-TZWPHG,False,Default,Default,Default,Default,Default,Default,1111111111111111,Empty,RyuJit,Default,X64,8c5e7fda-e8bf-4a96-9a85-a6e23a8c635c,.NET 11.0,False,True,False,True,Default,Default,False,False,False,Default,Default,Default,Default,Default,Default,False,Default,20,Default,Default,3,Default,Default,Default,Default,Default,Default,16,8,1,"1,855.3481 ns",1.4046 ns,3.0534 ns,"1,855.0358 ns",100.58,0.36
SparseBulkRead64B,Job-TZWPHG,False,Default,Default,Default,Default,Default,Default,1111111111111111,Empty,RyuJit,Default,X64,8c5e7fda-e8bf-4a96-9a85-a6e23a8c635c,.NET 11.0,False,True,False,True,Default,Default,False,False,False,Default,Default,Default,Default,Default,Default,False,Default,20,Default,Default,3,Default,Default,Default,Default,Default,Default,16,8,1,30.5690 ns,0.0750 ns,0.1598 ns,30.6129 ns,1.66,0.01
Reset4KiB,Job-TZWPHG,False,Default,Default,Default,Default,Default,Default,1111111111111111,Empty,RyuJit,Default,X64,8c5e7fda-e8bf-4a96-9a85-a6e23a8c635c,.NET 11.0,False,True,False,True,Default,Default,False,False,False,Default,Default,Default,Default,Default,Default,False,Default,20,Default,Default,3,Default,Default,Default,Default,Default,Default,16,8,1,49.8145 ns,0.0573 ns,0.1221 ns,49.8303 ns,2.70,0.01
Reset64KiB,Job-TZWPHG,False,Default,Default,Default,Default,Default,Default,1111111111111111,Empty,RyuJit,Default,X64,8c5e7fda-e8bf-4a96-9a85-a6e23a8c635c,.NET 11.0,False,True,False,True,Default,Default,False,False,False,Default,Default,Default,Default,Default,Default,False,Default,20,Default,Default,3,Default,Default,Default,Default,Default,Default,16,8,1,167.5399 ns,0.2211 ns,0.4852 ns,167.4608 ns,9.08,0.04
Reset1MiB,Job-TZWPHG,False,Default,Default,Default,Default,Default,Default,1111111111111111,Empty,RyuJit,Default,X64,8c5e7fda-e8bf-4a96-9a85-a6e23a8c635c,.NET 11.0,False,True,False,True,Default,Default,False,False,False,Default,Default,Default,Default,Default,Default,False,Default,20,Default,Default,3,Default,Default,Default,Default,Default,Default,16,8,1,"1,861.9739 ns",2.2477 ns,4.9337 ns,"1,862.5179 ns",100.94,0.42
ExtraCasSensitivity,Job-TZWPHG,False,Default,Default,Default,Default,Default,Default,1111111111111111,Empty,RyuJit,Default,X64,8c5e7fda-e8bf-4a96-9a85-a6e23a8c635c,.NET 11.0,False,True,False,True,Default,Default,False,False,False,Default,Default,Default,Default,Default,Default,False,Default,20,Default,Default,3,Default,Default,Default,Default,Default,Default,16,8,1,212.1974 ns,0.9131 ns,2.0044 ns,213.1356 ns,11.50,0.11
ReserveAndFirstCommit,Job-TZWPHG,False,Default,Default,Default,Default,Default,Default,1111111111111111,Empty,RyuJit,Default,X64,8c5e7fda-e8bf-4a96-9a85-a6e23a8c635c,.NET 11.0,False,True,False,True,Default,Default,False,False,False,Default,Default,Default,Default,Default,Default,False,Default,20,Default,Default,3,Default,Default,Default,Default,Default,Default,16,8,1,"882,619.6683 ns","1,692.8071 ns","3,680.0235 ns","882,484.9609 ns","47,848.50",249.04
FalseSharingSameWord,Job-TZWPHG,False,Default,Default,Default,Default,Default,Default,1111111111111111,Empty,RyuJit,Default,X64,8c5e7fda-e8bf-4a96-9a85-a6e23a8c635c,.NET 11.0,False,True,False,True,Default,Default,False,False,False,Default,Default,Default,Default,Default,Default,False,Default,20,Default,Default,3,Default,Default,Default,Default,Default,Default,16,8,1,52.5522 ns,0.5853 ns,1.2725 ns,52.0172 ns,2.85,0.07
FalseSharingSeparateLine,Job-TZWPHG,False,Default,Default,Default,Default,Default,Default,1111111111111111,Empty,RyuJit,Default,X64,8c5e7fda-e8bf-4a96-9a85-a6e23a8c635c,.NET 11.0,False,True,False,True,Default,Default,False,False,False,Default,Default,Default,Default,Default,Default,False,Default,20,Default,Default,3,Default,Default,Default,Default,Default,Default,16,8,1,15.3205 ns,0.1664 ns,0.3582 ns,15.1629 ns,0.83,0.02
MapAndLoad,Job-TZWPHG,False,Default,Default,Default,Default,Default,Default,1111111111111111,Empty,RyuJit,Default,X64,8c5e7fda-e8bf-4a96-9a85-a6e23a8c635c,.NET 11.0,False,True,False,True,Default,Default,False,False,False,Default,Default,Default,Default,Default,Default,False,Default,20,Default,Default,3,Default,Default,Default,Default,Default,Default,16,8,2,18.4425 ns,0.0245 ns,0.0548 ns,18.4410 ns,1.00,0.00
MapAndLoadControl,Job-TZWPHG,False,Default,Default,Default,Default,Default,Default,1111111111111111,Empty,RyuJit,Default,X64,8c5e7fda-e8bf-4a96-9a85-a6e23a8c635c,.NET 11.0,False,True,False,True,Default,Default,False,False,False,Default,Default,Default,Default,Default,Default,False,Default,20,Default,Default,3,Default,Default,Default,Default,Default,Default,16,8,2,18.6625 ns,0.1569 ns,0.3310 ns,18.4555 ns,1.01,0.02
PrecomputedLoad,Job-TZWPHG,False,Default,Default,Default,Default,Default,Default,1111111111111111,Empty,RyuJit,Default,X64,8c5e7fda-e8bf-4a96-9a85-a6e23a8c635c,.NET 11.0,False,True,False,True,Default,Default,False,False,False,Default,Default,Default,Default,Default,Default,False,Default,20,Default,Default,3,Default,Default,Default,Default,Default,Default,16,8,2,0.5931 ns,0.0012 ns,0.0025 ns,0.5929 ns,0.03,0.00
BitStore,Job-TZWPHG,False,Default,Default,Default,Default,Default,Default,1111111111111111,Empty,RyuJit,Default,X64,8c5e7fda-e8bf-4a96-9a85-a6e23a8c635c,.NET 11.0,False,True,False,True,Default,Default,False,False,False,Default,Default,Default,Default,Default,Default,False,Default,20,Default,Default,3,Default,Default,Default,Default,Default,Default,16,8,2,26.7978 ns,0.3120 ns,0.6783 ns,26.3775 ns,1.45,0.04
ReferenceCountUpdate,Job-TZWPHG,False,Default,Default,Default,Default,Default,Default,1111111111111111,Empty,RyuJit,Default,X64,8c5e7fda-e8bf-4a96-9a85-a6e23a8c635c,.NET 11.0,False,True,False,True,Default,Default,False,False,False,Default,Default,Default,Default,Default,Default,False,Default,20,Default,Default,3,Default,Default,Default,Default,Default,Default,16,8,2,14.7766 ns,0.0419 ns,0.0884 ns,14.7540 ns,0.80,0.01
ByteUpdate,Job-TZWPHG,False,Default,Default,Default,Default,Default,Default,1111111111111111,Empty,RyuJit,Default,X64,8c5e7fda-e8bf-4a96-9a85-a6e23a8c635c,.NET 11.0,False,True,False,True,Default,Default,False,False,False,Default,Default,Default,Default,Default,Default,False,Default,20,Default,Default,3,Default,Default,Default,Default,Default,Default,16,8,2,27.3395 ns,0.4167 ns,0.9321 ns,27.0377 ns,1.48,0.05
BulkRead64KiB,Job-TZWPHG,False,Default,Default,Default,Default,Default,Default,1111111111111111,Empty,RyuJit,Default,X64,8c5e7fda-e8bf-4a96-9a85-a6e23a8c635c,.NET 11.0,False,True,False,True,Default,Default,False,False,False,Default,Default,Default,Default,Default,Default,False,Default,20,Default,Default,3,Default,Default,Default,Default,Default,Default,16,8,2,"1,856.0796 ns",1.6929 ns,3.6802 ns,"1,855.4304 ns",100.64,0.36
SparseBulkRead64B,Job-TZWPHG,False,Default,Default,Default,Default,Default,Default,1111111111111111,Empty,RyuJit,Default,X64,8c5e7fda-e8bf-4a96-9a85-a6e23a8c635c,.NET 11.0,False,True,False,True,Default,Default,False,False,False,Default,Default,Default,Default,Default,Default,False,Default,20,Default,Default,3,Default,Default,Default,Default,Default,Default,16,8,2,30.6637 ns,0.0465 ns,0.1020 ns,30.6454 ns,1.66,0.01
Reset4KiB,Job-TZWPHG,False,Default,Default,Default,Default,Default,Default,1111111111111111,Empty,RyuJit,Default,X64,8c5e7fda-e8bf-4a96-9a85-a6e23a8c635c,.NET 11.0,False,True,False,True,Default,Default,False,False,False,Default,Default,Default,Default,Default,Default,False,Default,20,Default,Default,3,Default,Default,Default,Default,Default,Default,16,8,2,49.8002 ns,0.0654 ns,0.1448 ns,49.7748 ns,2.70,0.01
Reset64KiB,Job-TZWPHG,False,Default,Default,Default,Default,Default,Default,1111111111111111,Empty,RyuJit,Default,X64,8c5e7fda-e8bf-4a96-9a85-a6e23a8c635c,.NET 11.0,False,True,False,True,Default,Default,False,False,False,Default,Default,Default,Default,Default,Default,False,Default,20,Default,Default,3,Default,Default,Default,Default,Default,Default,16,8,2,167.3716 ns,0.1712 ns,0.3685 ns,167.3735 ns,9.08,0.03
Reset1MiB,Job-TZWPHG,False,Default,Default,Default,Default,Default,Default,1111111111111111,Empty,RyuJit,Default,X64,8c5e7fda-e8bf-4a96-9a85-a6e23a8c635c,.NET 11.0,False,True,False,True,Default,Default,False,False,False,Default,Default,Default,Default,Default,Default,False,Default,20,Default,Default,3,Default,Default,Default,Default,Default,Default,16,8,2,"1,860.7778 ns",2.0579 ns,4.4737 ns,"1,859.9361 ns",100.90,0.38
ExtraCasSensitivity,Job-TZWPHG,False,Default,Default,Default,Default,Default,Default,1111111111111111,Empty,RyuJit,Default,X64,8c5e7fda-e8bf-4a96-9a85-a6e23a8c635c,.NET 11.0,False,True,False,True,Default,Default,False,False,False,Default,Default,Default,Default,Default,Default,False,Default,20,Default,Default,3,Default,Default,Default,Default,Default,Default,16,8,2,212.4581 ns,0.9928 ns,2.1157 ns,213.6093 ns,11.52,0.12
ReserveAndFirstCommit,Job-TZWPHG,False,Default,Default,Default,Default,Default,Default,1111111111111111,Empty,RyuJit,Default,X64,8c5e7fda-e8bf-4a96-9a85-a6e23a8c635c,.NET 11.0,False,True,False,True,Default,Default,False,False,False,Default,Default,Default,Default,Default,Default,False,Default,20,Default,Default,3,Default,Default,Default,Default,Default,Default,16,8,2,"880,884.6994 ns","1,460.5535 ns","3,236.4860 ns","880,491.3086 ns","47,764.30",223.79
FalseSharingSameWord,Job-TZWPHG,False,Default,Default,Default,Default,Default,Default,1111111111111111,Empty,RyuJit,Default,X64,8c5e7fda-e8bf-4a96-9a85-a6e23a8c635c,.NET 11.0,False,True,False,True,Default,Default,False,False,False,Default,Default,Default,Default,Default,Default,False,Default,20,Default,Default,3,Default,Default,Default,Default,Default,Default,16,8,2,53.3458 ns,1.2199 ns,2.7285 ns,51.6771 ns,2.89,0.15
FalseSharingSeparateLine,Job-TZWPHG,False,Default,Default,Default,Default,Default,Default,1111111111111111,Empty,RyuJit,Default,X64,8c5e7fda-e8bf-4a96-9a85-a6e23a8c635c,.NET 11.0,False,True,False,True,Default,Default,False,False,False,Default,Default,Default,Default,Default,Default,False,Default,20,Default,Default,3,Default,Default,Default,Default,Default,Default,16,8,2,15.2304 ns,0.0894 ns,0.1925 ns,15.2845 ns,0.83,0.01
MapAndLoad,Job-TZWPHG,False,Default,Default,Default,Default,Default,Default,1111111111111111,Empty,RyuJit,Default,X64,8c5e7fda-e8bf-4a96-9a85-a6e23a8c635c,.NET 11.0,False,True,False,True,Default,Default,False,False,False,Default,Default,Default,Default,Default,Default,False,Default,20,Default,Default,3,Default,Default,Default,Default,Default,Default,16,8,3,18.4137 ns,0.0195 ns,0.0415 ns,18.4168 ns,1.00,0.00
MapAndLoadControl,Job-TZWPHG,False,Default,Default,Default,Default,Default,Default,1111111111111111,Empty,RyuJit,Default,X64,8c5e7fda-e8bf-4a96-9a85-a6e23a8c635c,.NET 11.0,False,True,False,True,Default,Default,False,False,False,Default,Default,Default,Default,Default,Default,False,Default,20,Default,Default,3,Default,Default,Default,Default,Default,Default,16,8,3,18.4172 ns,0.0215 ns,0.0472 ns,18.4184 ns,1.00,0.00
PrecomputedLoad,Job-TZWPHG,False,Default,Default,Default,Default,Default,Default,1111111111111111,Empty,RyuJit,Default,X64,8c5e7fda-e8bf-4a96-9a85-a6e23a8c635c,.NET 11.0,False,True,False,True,Default,Default,False,False,False,Default,Default,Default,Default,Default,Default,False,Default,20,Default,Default,3,Default,Default,Default,Default,Default,Default,16,8,3,0.5927 ns,0.0008 ns,0.0017 ns,0.5925 ns,0.03,0.00
BitStore,Job-TZWPHG,False,Default,Default,Default,Default,Default,Default,1111111111111111,Empty,RyuJit,Default,X64,8c5e7fda-e8bf-4a96-9a85-a6e23a8c635c,.NET 11.0,False,True,False,True,Default,Default,False,False,False,Default,Default,Default,Default,Default,Default,False,Default,20,Default,Default,3,Default,Default,Default,Default,Default,Default,16,8,3,26.2758 ns,0.1105 ns,0.2402 ns,26.3534 ns,1.43,0.01
ReferenceCountUpdate,Job-TZWPHG,False,Default,Default,Default,Default,Default,Default,1111111111111111,Empty,RyuJit,Default,X64,8c5e7fda-e8bf-4a96-9a85-a6e23a8c635c,.NET 11.0,False,True,False,True,Default,Default,False,False,False,Default,Default,Default,Default,Default,Default,False,Default,20,Default,Default,3,Default,Default,Default,Default,Default,Default,16,8,3,14.8661 ns,0.0277 ns,0.0596 ns,14.8521 ns,0.81,0.00
ByteUpdate,Job-TZWPHG,False,Default,Default,Default,Default,Default,Default,1111111111111111,Empty,RyuJit,Default,X64,8c5e7fda-e8bf-4a96-9a85-a6e23a8c635c,.NET 11.0,False,True,False,True,Default,Default,False,False,False,Default,Default,Default,Default,Default,Default,False,Default,20,Default,Default,3,Default,Default,Default,Default,Default,Default,16,8,3,26.8337 ns,0.1172 ns,0.2548 ns,26.9553 ns,1.46,0.01
BulkRead64KiB,Job-TZWPHG,False,Default,Default,Default,Default,Default,Default,1111111111111111,Empty,RyuJit,Default,X64,8c5e7fda-e8bf-4a96-9a85-a6e23a8c635c,.NET 11.0,False,True,False,True,Default,Default,False,False,False,Default,Default,Default,Default,Default,Default,False,Default,20,Default,Default,3,Default,Default,Default,Default,Default,Default,16,8,3,"1,851.7992 ns",1.2875 ns,2.7989 ns,"1,851.6939 ns",100.57,0.27
SparseBulkRead64B,Job-TZWPHG,False,Default,Default,Default,Default,Default,Default,1111111111111111,Empty,RyuJit,Default,X64,8c5e7fda-e8bf-4a96-9a85-a6e23a8c635c,.NET 11.0,False,True,False,True,Default,Default,False,False,False,Default,Default,Default,Default,Default,Default,False,Default,20,Default,Default,3,Default,Default,Default,Default,Default,Default,16,8,3,30.6176 ns,0.0441 ns,0.0930 ns,30.6108 ns,1.66,0.01
Reset4KiB,Job-TZWPHG,False,Default,Default,Default,Default,Default,Default,1111111111111111,Empty,RyuJit,Default,X64,8c5e7fda-e8bf-4a96-9a85-a6e23a8c635c,.NET 11.0,False,True,False,True,Default,Default,False,False,False,Default,Default,Default,Default,Default,Default,False,Default,20,Default,Default,3,Default,Default,Default,Default,Default,Default,16,8,3,49.7801 ns,0.0692 ns,0.1505 ns,49.7888 ns,2.70,0.01
Reset64KiB,Job-TZWPHG,False,Default,Default,Default,Default,Default,Default,1111111111111111,Empty,RyuJit,Default,X64,8c5e7fda-e8bf-4a96-9a85-a6e23a8c635c,.NET 11.0,False,True,False,True,Default,Default,False,False,False,Default,Default,Default,Default,Default,Default,False,Default,20,Default,Default,3,Default,Default,Default,Default,Default,Default,16,8,3,167.2547 ns,0.1912 ns,0.4034 ns,167.1785 ns,9.08,0.03
Reset1MiB,Job-TZWPHG,False,Default,Default,Default,Default,Default,Default,1111111111111111,Empty,RyuJit,Default,X64,8c5e7fda-e8bf-4a96-9a85-a6e23a8c635c,.NET 11.0,False,True,False,True,Default,Default,False,False,False,Default,Default,Default,Default,Default,Default,False,Default,20,Default,Default,3,Default,Default,Default,Default,Default,Default,16,8,3,"1,861.2740 ns",2.8631 ns,6.1631 ns,"1,861.0897 ns",101.08,0.40
ExtraCasSensitivity,Job-TZWPHG,False,Default,Default,Default,Default,Default,Default,1111111111111111,Empty,RyuJit,Default,X64,8c5e7fda-e8bf-4a96-9a85-a6e23a8c635c,.NET 11.0,False,True,False,True,Default,Default,False,False,False,Default,Default,Default,Default,Default,Default,False,Default,20,Default,Default,3,Default,Default,Default,Default,Default,Default,16,8,3,221.4145 ns,2.5628 ns,5.5167 ns,224.7145 ns,12.02,0.30
ReserveAndFirstCommit,Job-TZWPHG,False,Default,Default,Default,Default,Default,Default,1111111111111111,Empty,RyuJit,Default,X64,8c5e7fda-e8bf-4a96-9a85-a6e23a8c635c,.NET 11.0,False,True,False,True,Default,Default,False,False,False,Default,Default,Default,Default,Default,Default,False,Default,20,Default,Default,3,Default,Default,Default,Default,Default,Default,16,8,3,"880,712.8816 ns","1,632.9634 ns","3,444.4743 ns","880,389.4531 ns","47,829.46",213.98
FalseSharingSameWord,Job-TZWPHG,False,Default,Default,Default,Default,Default,Default,1111111111111111,Empty,RyuJit,Default,X64,8c5e7fda-e8bf-4a96-9a85-a6e23a8c635c,.NET 11.0,False,True,False,True,Default,Default,False,False,False,Default,Default,Default,Default,Default,Default,False,Default,20,Default,Default,3,Default,Default,Default,Default,Default,Default,16,8,3,55.1845 ns,1.2113 ns,2.6841 ns,56.5682 ns,3.00,0.14
FalseSharingSeparateLine,Job-TZWPHG,False,Default,Default,Default,Default,Default,Default,1111111111111111,Empty,RyuJit,Default,X64,8c5e7fda-e8bf-4a96-9a85-a6e23a8c635c,.NET 11.0,False,True,False,True,Default,Default,False,False,False,Default,Default,Default,Default,Default,Default,False,Default,20,Default,Default,3,Default,Default,Default,Default,Default,Default,16,8,3,14.8994 ns,0.0519 ns,0.1083 ns,14.8514 ns,0.81,0.01
