"Session","Scenario","GC","Deployment","Variant","RequestedMode","ObservedMode","Invocation","Order","Seed","OperationsPerSecond","SteadyOperations","WallSeconds","ObjectScans","Ranges","Slots","NonNullSlots","ScanChecksum","ScanErrors","Gen0","Gen1","Gen2","ExpectedInduced","Induced","RequestedServerGC","ObservedServerGC","RequestedConcurrentGC","ObservedConcurrentGC","RequestedHeapCount","ObservedHeapCount","RequestedGCPath","ObservedGCPath","CollectorConfirmed","ReportValid","VerificationSuccess","CompletionMarker","CoreClrSha256","CoreClrFileVersion","HookSha256","HookLibrary","ProcessCount","Processor","LogicalCores","OS","WarmupSeconds","SteadyStateSeconds","RequestedDynamicAdaptationMode","ObservedDynamicAdaptationMode","ScanWindow"
"20260825T232104Z-ccde4827d8584965888a0807184926dd","pointer-chasing","wks","linked","callback","1","1","0","0","20260825","633925.8148634675","1904640","4.6177805","134949","136583","286387","277538","1615801229239680","0","93","2","2","2","2","false","false","true","true","1","1","","","True","True","True","pointer-chasing:hops=141033472","9a3efb985ff03c86d05a6554ffd5cba41fadeae9dadf9b1561e5f90e7c337918","42,42,42,42424 @Commit: cd45d1cb3f2a6bf3a183840eb59b58e0bc97e068","9a3efb985ff03c86d05a6554ffd5cba41fadeae9dadf9b1561e5f90e7c337918","artifacts\tests\coreclr\windows.x64.Release\Tests\Core_Root\coreclr.dll","287","Intel(R) Xeon(R) Platinum 8370C CPU @ 2.80GHz","16","Microsoft Windows 10.0.26200","0.5","3","","1","post-reset-through-telemetry-end"
"20260825T232104Z-ccde4827d8584965888a0807184926dd","pointer-chasing","wks","linked","visitor","2","2","0","1","20260825","636376.9862411396","1912832","4.3610149","134949","136583","286387","277538","2900106153681756","0","94","3","2","2","2","false","false","true","true","1","1","","","True","True","True","pointer-chasing:hops=142344192","9a3efb985ff03c86d05a6554ffd5cba41fadeae9dadf9b1561e5f90e7c337918","42,42,42,42424 @Commit: cd45d1cb3f2a6bf3a183840eb59b58e0bc97e068","9a3efb985ff03c86d05a6554ffd5cba41fadeae9dadf9b1561e5f90e7c337918","artifacts\tests\coreclr\windows.x64.Release\Tests\Core_Root\coreclr.dll","284","Intel(R) Xeon(R) Platinum 8370C CPU @ 2.80GHz","16","Microsoft Windows 10.0.26200","0.5","3","","1","post-reset-through-telemetry-end"
"20260825T232104Z-ccde4827d8584965888a0807184926dd","pointer-chasing","wks","linked","cursor","3","3","0","2","20260825","639079.9386530846","1921024","4.3517318","134949","136583","286387","277538","1998113082384730","0","93","2","2","2","2","false","false","true","true","1","1","","","True","True","True","pointer-chasing:hops=142606336","9a3efb985ff03c86d05a6554ffd5cba41fadeae9dadf9b1561e5f90e7c337918","42,42,42,42424 @Commit: cd45d1cb3f2a6bf3a183840eb59b58e0bc97e068","9a3efb985ff03c86d05a6554ffd5cba41fadeae9dadf9b1561e5f90e7c337918","artifacts\tests\coreclr\windows.x64.Release\Tests\Core_Root\coreclr.dll","284","Intel(R) Xeon(R) Platinum 8370C CPU @ 2.80GHz","16","Microsoft Windows 10.0.26200","0.5","3","","1","post-reset-through-telemetry-end"
"20260825T232104Z-ccde4827d8584965888a0807184926dd","pointer-chasing","wks","linked","visitor","2","2","1","0","20260826","636129.7989034726","1912832","4.3400169","134949","136583","286387","277538","3061982461608610","0","94","2","2","2","2","false","false","true","true","1","1","","","True","True","True","pointer-chasing:hops=142344192","9a3efb985ff03c86d05a6554ffd5cba41fadeae9dadf9b1561e5f90e7c337918","42,42,42,42424 @Commit: cd45d1cb3f2a6bf3a183840eb59b58e0bc97e068","9a3efb985ff03c86d05a6554ffd5cba41fadeae9dadf9b1561e5f90e7c337918","artifacts\tests\coreclr\windows.x64.Release\Tests\Core_Root\coreclr.dll","286","Intel(R) Xeon(R) Platinum 8370C CPU @ 2.80GHz","16","Microsoft Windows 10.0.26200","0.5","3","","1","post-reset-through-telemetry-end"
"20260825T232104Z-ccde4827d8584965888a0807184926dd","pointer-chasing","wks","linked","cursor","3","3","1","1","20260826","634611.8764821863","1904640","4.3415012","134949","136583","286387","277538","1401233135166593","0","93","2","2","2","2","false","false","true","true","1","1","","","True","True","True","pointer-chasing:hops=141557760","9a3efb985ff03c86d05a6554ffd5cba41fadeae9dadf9b1561e5f90e7c337918","42,42,42,42424 @Commit: cd45d1cb3f2a6bf3a183840eb59b58e0bc97e068","9a3efb985ff03c86d05a6554ffd5cba41fadeae9dadf9b1561e5f90e7c337918","artifacts\tests\coreclr\windows.x64.Release\Tests\Core_Root\coreclr.dll","285","Intel(R) Xeon(R) Platinum 8370C CPU @ 2.80GHz","16","Microsoft Windows 10.0.26200","0.5","3","","1","post-reset-through-telemetry-end"
"20260825T232104Z-ccde4827d8584965888a0807184926dd","pointer-chasing","wks","linked","callback","1","1","1","2","20260826","643489.323412438","1933312","4.3340702","134949","136583","286387","277538","2311430421988798","0","94","2","2","2","2","false","false","true","true","1","1","","","True","True","True","pointer-chasing:hops=143654912","9a3efb985ff03c86d05a6554ffd5cba41fadeae9dadf9b1561e5f90e7c337918","42,42,42,42424 @Commit: cd45d1cb3f2a6bf3a183840eb59b58e0bc97e068","9a3efb985ff03c86d05a6554ffd5cba41fadeae9dadf9b1561e5f90e7c337918","artifacts\tests\coreclr\windows.x64.Release\Tests\Core_Root\coreclr.dll","285","Intel(R) Xeon(R) Platinum 8370C CPU @ 2.80GHz","16","Microsoft Windows 10.0.26200","0.5","3","","1","post-reset-through-telemetry-end"
"20260825T232104Z-ccde4827d8584965888a0807184926dd","pointer-chasing","wks","linked","cursor","3","3","2","0","20260827","640899.9445431387","1925120","4.347245","134949","136583","286387","277538","2906961288047907","0","94","2","2","2","2","false","false","true","true","1","1","","","True","True","True","pointer-chasing:hops=143392768","9a3efb985ff03c86d05a6554ffd5cba41fadeae9dadf9b1561e5f90e7c337918","42,42,42,42424 @Commit: cd45d1cb3f2a6bf3a183840eb59b58e0bc97e068","9a3efb985ff03c86d05a6554ffd5cba41fadeae9dadf9b1561e5f90e7c337918","artifacts\tests\coreclr\windows.x64.Release\Tests\Core_Root\coreclr.dll","285","Intel(R) Xeon(R) Platinum 8370C CPU @ 2.80GHz","16","Microsoft Windows 10.0.26200","0.5","3","","1","post-reset-through-telemetry-end"
"20260825T232104Z-ccde4827d8584965888a0807184926dd","pointer-chasing","wks","linked","callback","1","1","2","1","20260827","640994.6711524396","1925120","4.3313207","134949","136583","286387","277538","2117014330361250","0","94","2","2","2","2","false","false","true","true","1","1","","","True","True","True","pointer-chasing:hops=143392768","9a3efb985ff03c86d05a6554ffd5cba41fadeae9dadf9b1561e5f90e7c337918","42,42,42,42424 @Commit: cd45d1cb3f2a6bf3a183840eb59b58e0bc97e068","9a3efb985ff03c86d05a6554ffd5cba41fadeae9dadf9b1561e5f90e7c337918","artifacts\tests\coreclr\windows.x64.Release\Tests\Core_Root\coreclr.dll","285","Intel(R) Xeon(R) Platinum 8370C CPU @ 2.80GHz","16","Microsoft Windows 10.0.26200","0.5","3","","1","post-reset-through-telemetry-end"
"20260825T232104Z-ccde4827d8584965888a0807184926dd","pointer-chasing","wks","linked","visitor","2","2","2","2","20260827","639942.819608136","1921024","4.3365453","134949","136583","286387","277538","2570213423400833","0","94","2","2","2","2","false","false","true","true","1","1","","","True","True","True","pointer-chasing:hops=143130624","9a3efb985ff03c86d05a6554ffd5cba41fadeae9dadf9b1561e5f90e7c337918","42,42,42,42424 @Commit: cd45d1cb3f2a6bf3a183840eb59b58e0bc97e068","9a3efb985ff03c86d05a6554ffd5cba41fadeae9dadf9b1561e5f90e7c337918","artifacts\tests\coreclr\windows.x64.Release\Tests\Core_Root\coreclr.dll","285","Intel(R) Xeon(R) Platinum 8370C CPU @ 2.80GHz","16","Microsoft Windows 10.0.26200","0.5","3","","1","post-reset-through-telemetry-end"
"20260825T232104Z-ccde4827d8584965888a0807184926dd","pointer-chasing","wks","linked","callback","1","1","3","0","20260828","642311.2037894848","1929216","4.3668371","134949","136583","286387","277538","5054040000652839","0","94","2","2","2","2","false","false","true","true","1","1","","","True","True","True","pointer-chasing:hops=143392768","9a3efb985ff03c86d05a6554ffd5cba41fadeae9dadf9b1561e5f90e7c337918","42,42,42,42424 @Commit: cd45d1cb3f2a6bf3a183840eb59b58e0bc97e068","9a3efb985ff03c86d05a6554ffd5cba41fadeae9dadf9b1561e5f90e7c337918","artifacts\tests\coreclr\windows.x64.Release\Tests\Core_Root\coreclr.dll","285","Intel(R) Xeon(R) Platinum 8370C CPU @ 2.80GHz","16","Microsoft Windows 10.0.26200","0.5","3","","1","post-reset-through-telemetry-end"
"20260825T232104Z-ccde4827d8584965888a0807184926dd","pointer-chasing","wks","linked","visitor","2","2","3","1","20260828","641020.1981364823","1925120","4.4577665","134949","136583","286387","277538","3531336086658968","0","94","2","2","2","2","false","false","true","true","1","1","","","True","True","True","pointer-chasing:hops=143392768","9a3efb985ff03c86d05a6554ffd5cba41fadeae9dadf9b1561e5f90e7c337918","42,42,42,42424 @Commit: cd45d1cb3f2a6bf3a183840eb59b58e0bc97e068","9a3efb985ff03c86d05a6554ffd5cba41fadeae9dadf9b1561e5f90e7c337918","artifacts\tests\coreclr\windows.x64.Release\Tests\Core_Root\coreclr.dll","285","Intel(R) Xeon(R) Platinum 8370C CPU @ 2.80GHz","16","Microsoft Windows 10.0.26200","0.5","3","","1","post-reset-through-telemetry-end"
"20260825T232104Z-ccde4827d8584965888a0807184926dd","pointer-chasing","wks","linked","cursor","3","3","3","2","20260828","641092.5427502148","1925120","4.41893","134949","136583","286387","277538","2358152701480252","0","94","2","2","2","2","false","false","true","true","1","1","","","True","True","True","pointer-chasing:hops=143130624","9a3efb985ff03c86d05a6554ffd5cba41fadeae9dadf9b1561e5f90e7c337918","42,42,42,42424 @Commit: cd45d1cb3f2a6bf3a183840eb59b58e0bc97e068","9a3efb985ff03c86d05a6554ffd5cba41fadeae9dadf9b1561e5f90e7c337918","artifacts\tests\coreclr\windows.x64.Release\Tests\Core_Root\coreclr.dll","285","Intel(R) Xeon(R) Platinum 8370C CPU @ 2.80GHz","16","Microsoft Windows 10.0.26200","0.5","3","","1","post-reset-through-telemetry-end"
"20260825T232104Z-ccde4827d8584965888a0807184926dd","pointer-chasing","wks","linked","visitor","2","2","4","0","20260829","645390.0257971728","1937408","4.5052112","134949","136583","286387","277538","1938434120024703","0","94","2","2","2","2","false","false","true","true","1","1","","","True","True","True","pointer-chasing:hops=143917056","9a3efb985ff03c86d05a6554ffd5cba41fadeae9dadf9b1561e5f90e7c337918","42,42,42,42424 @Commit: cd45d1cb3f2a6bf3a183840eb59b58e0bc97e068","9a3efb985ff03c86d05a6554ffd5cba41fadeae9dadf9b1561e5f90e7c337918","artifacts\tests\coreclr\windows.x64.Release\Tests\Core_Root\coreclr.dll","284","Intel(R) Xeon(R) Platinum 8370C CPU @ 2.80GHz","16","Microsoft Windows 10.0.26200","0.5","3","","1","post-reset-through-telemetry-end"
"20260825T232104Z-ccde4827d8584965888a0807184926dd","pointer-chasing","wks","linked","cursor","3","3","4","1","20260829","632420.6632420131","1900544","4.4560608","134949","136583","286387","277538","2268468346975251","0","93","2","2","2","2","false","false","true","true","1","1","","","True","True","True","pointer-chasing:hops=141819904","9a3efb985ff03c86d05a6554ffd5cba41fadeae9dadf9b1561e5f90e7c337918","42,42,42,42424 @Commit: cd45d1cb3f2a6bf3a183840eb59b58e0bc97e068","9a3efb985ff03c86d05a6554ffd5cba41fadeae9dadf9b1561e5f90e7c337918","artifacts\tests\coreclr\windows.x64.Release\Tests\Core_Root\coreclr.dll","284","Intel(R) Xeon(R) Platinum 8370C CPU @ 2.80GHz","16","Microsoft Windows 10.0.26200","0.5","3","","1","post-reset-through-telemetry-end"
"20260825T232104Z-ccde4827d8584965888a0807184926dd","pointer-chasing","wks","linked","callback","1","1","4","2","20260829","639378.195332491","1921024","4.4844953","134949","136583","286387","277538","5108932636772807","0","93","2","2","2","2","false","false","true","true","1","1","","","True","True","True","pointer-chasing:hops=142868480","9a3efb985ff03c86d05a6554ffd5cba41fadeae9dadf9b1561e5f90e7c337918","42,42,42,42424 @Commit: cd45d1cb3f2a6bf3a183840eb59b58e0bc97e068","9a3efb985ff03c86d05a6554ffd5cba41fadeae9dadf9b1561e5f90e7c337918","artifacts\tests\coreclr\windows.x64.Release\Tests\Core_Root\coreclr.dll","286","Intel(R) Xeon(R) Platinum 8370C CPU @ 2.80GHz","16","Microsoft Windows 10.0.26200","0.5","3","","1","post-reset-through-telemetry-end"
"20260825T232104Z-ccde4827d8584965888a0807184926dd","pointer-chasing","wks","standalone","callback","1","1","0","0","20260835","647653.2589082449","1945600","4.4629412","134951","136585","286403","277558","1953090896865406","0","95","2","2","2","2","false","false","true","true","1","1","artifacts\bin\coreclr\windows.x64.Release\clrgc.dll","artifacts\bin\coreclr\windows.x64.Release\clrgc.dll","True","True","True","pointer-chasing:hops=145227776","9a3efb985ff03c86d05a6554ffd5cba41fadeae9dadf9b1561e5f90e7c337918","42,42,42,42424 @Commit: cd45d1cb3f2a6bf3a183840eb59b58e0bc97e068","c054b44a49790b20abf54f6456455ca20f5e2d9fa55c925b3c183a8437370b91","artifacts\bin\coreclr\windows.x64.Release\clrgc.dll","286","Intel(R) Xeon(R) Platinum 8370C CPU @ 2.80GHz","16","Microsoft Windows 10.0.26200","0.5","3","","1","post-reset-through-telemetry-end"
"20260825T232104Z-ccde4827d8584965888a0807184926dd","pointer-chasing","wks","standalone","visitor","2","2","0","1","20260835","646636.8094156254","1941504","4.4743421","134955","136589","286425","277575","2257692743834829","0","95","2","2","2","2","false","false","true","true","1","1","artifacts\bin\coreclr\windows.x64.Release\clrgc.dll","artifacts\bin\coreclr\windows.x64.Release\clrgc.dll","True","True","True","pointer-chasing:hops=144703488","9a3efb985ff03c86d05a6554ffd5cba41fadeae9dadf9b1561e5f90e7c337918","42,42,42,42424 @Commit: cd45d1cb3f2a6bf3a183840eb59b58e0bc97e068","c054b44a49790b20abf54f6456455ca20f5e2d9fa55c925b3c183a8437370b91","artifacts\bin\coreclr\windows.x64.Release\clrgc.dll","286","Intel(R) Xeon(R) Platinum 8370C CPU @ 2.80GHz","16","Microsoft Windows 10.0.26200","0.5","3","","1","post-reset-through-telemetry-end"
"20260825T232104Z-ccde4827d8584965888a0807184926dd","pointer-chasing","wks","standalone","cursor","3","3","0","2","20260835","652062.7994377551","1957888","4.41482","134951","136585","286403","277558","2347961354565731","0","96","2","2","2","2","false","false","true","true","1","1","artifacts\bin\coreclr\windows.x64.Release\clrgc.dll","artifacts\bin\coreclr\windows.x64.Release\clrgc.dll","True","True","True","pointer-chasing:hops=145227776","9a3efb985ff03c86d05a6554ffd5cba41fadeae9dadf9b1561e5f90e7c337918","42,42,42,42424 @Commit: cd45d1cb3f2a6bf3a183840eb59b58e0bc97e068","c054b44a49790b20abf54f6456455ca20f5e2d9fa55c925b3c183a8437370b91","artifacts\bin\coreclr\windows.x64.Release\clrgc.dll","285","Intel(R) Xeon(R) Platinum 8370C CPU @ 2.80GHz","16","Microsoft Windows 10.0.26200","0.5","3","","1","post-reset-through-telemetry-end"
"20260825T232104Z-ccde4827d8584965888a0807184926dd","pointer-chasing","wks","standalone","visitor","2","2","1","0","20260836","647794.7393646678","1945600","4.3446014","134951","136585","286403","277558","2790497204208804","0","95","2","2","2","2","false","false","true","true","1","1","artifacts\bin\coreclr\windows.x64.Release\clrgc.dll","artifacts\bin\coreclr\windows.x64.Release\clrgc.dll","True","True","True","pointer-chasing:hops=144441344","9a3efb985ff03c86d05a6554ffd5cba41fadeae9dadf9b1561e5f90e7c337918","42,42,42,42424 @Commit: cd45d1cb3f2a6bf3a183840eb59b58e0bc97e068","c054b44a49790b20abf54f6456455ca20f5e2d9fa55c925b3c183a8437370b91","artifacts\bin\coreclr\windows.x64.Release\clrgc.dll","285","Intel(R) Xeon(R) Platinum 8370C CPU @ 2.80GHz","16","Microsoft Windows 10.0.26200","0.5","3","","1","post-reset-through-telemetry-end"
"20260825T232104Z-ccde4827d8584965888a0807184926dd","pointer-chasing","wks","standalone","cursor","3","3","1","1","20260836","644082.8516012403","1933312","4.3311024","134951","136585","286403","277558","2473884059140356","0","94","2","2","2","2","false","false","true","true","1","1","artifacts\bin\coreclr\windows.x64.Release\clrgc.dll","artifacts\bin\coreclr\windows.x64.Release\clrgc.dll","True","True","True","pointer-chasing:hops=143917056","9a3efb985ff03c86d05a6554ffd5cba41fadeae9dadf9b1561e5f90e7c337918","42,42,42,42424 @Commit: cd45d1cb3f2a6bf3a183840eb59b58e0bc97e068","c054b44a49790b20abf54f6456455ca20f5e2d9fa55c925b3c183a8437370b91","artifacts\bin\coreclr\windows.x64.Release\clrgc.dll","285","Intel(R) Xeon(R) Platinum 8370C CPU @ 2.80GHz","16","Microsoft Windows 10.0.26200","0.5","3","","1","post-reset-through-telemetry-end"
"20260825T232104Z-ccde4827d8584965888a0807184926dd","pointer-chasing","wks","standalone","callback","1","1","1","2","20260836","645088.6395544985","1937408","4.3447802","134951","136585","286403","277558","1428378503166248","0","95","2","2","2","2","false","false","true","true","1","1","artifacts\bin\coreclr\windows.x64.Release\clrgc.dll","artifacts\bin\coreclr\windows.x64.Release\clrgc.dll","True","True","True","pointer-chasing:hops=144179200","9a3efb985ff03c86d05a6554ffd5cba41fadeae9dadf9b1561e5f90e7c337918","42,42,42,42424 @Commit: cd45d1cb3f2a6bf3a183840eb59b58e0bc97e068","c054b44a49790b20abf54f6456455ca20f5e2d9fa55c925b3c183a8437370b91","artifacts\bin\coreclr\windows.x64.Release\clrgc.dll","285","Intel(R) Xeon(R) Platinum 8370C CPU @ 2.80GHz","16","Microsoft Windows 10.0.26200","0.5","3","","1","post-reset-through-telemetry-end"
"20260825T232104Z-ccde4827d8584965888a0807184926dd","pointer-chasing","wks","standalone","cursor","3","3","2","0","20260837","650883.9054953209","1953792","4.3265478","134951","136585","286403","277558","2534237422651831","0","96","2","2","2","2","false","false","true","true","1","1","artifacts\bin\coreclr\windows.x64.Release\clrgc.dll","artifacts\bin\coreclr\windows.x64.Release\clrgc.dll","True","True","True","pointer-chasing:hops=145227776","9a3efb985ff03c86d05a6554ffd5cba41fadeae9dadf9b1561e5f90e7c337918","42,42,42,42424 @Commit: cd45d1cb3f2a6bf3a183840eb59b58e0bc97e068","c054b44a49790b20abf54f6456455ca20f5e2d9fa55c925b3c183a8437370b91","artifacts\bin\coreclr\windows.x64.Release\clrgc.dll","285","Intel(R) Xeon(R) Platinum 8370C CPU @ 2.80GHz","16","Microsoft Windows 10.0.26200","0.5","3","","1","post-reset-through-telemetry-end"
"20260825T232104Z-ccde4827d8584965888a0807184926dd","pointer-chasing","wks","standalone","callback","1","1","2","1","20260837","640160.7226547817","1921024","4.3428565","134951","136585","286403","277558","2866773577840744","0","93","2","2","2","2","false","false","true","true","1","1","artifacts\bin\coreclr\windows.x64.Release\clrgc.dll","artifacts\bin\coreclr\windows.x64.Release\clrgc.dll","True","True","True","pointer-chasing:hops=143130624","9a3efb985ff03c86d05a6554ffd5cba41fadeae9dadf9b1561e5f90e7c337918","42,42,42,42424 @Commit: cd45d1cb3f2a6bf3a183840eb59b58e0bc97e068","c054b44a49790b20abf54f6456455ca20f5e2d9fa55c925b3c183a8437370b91","artifacts\bin\coreclr\windows.x64.Release\clrgc.dll","285","Intel(R) Xeon(R) Platinum 8370C CPU @ 2.80GHz","16","Microsoft Windows 10.0.26200","0.5","3","","1","post-reset-through-telemetry-end"
"20260825T232104Z-ccde4827d8584965888a0807184926dd","pointer-chasing","wks","standalone","visitor","2","2","2","2","20260837","649289.9140862166","1949696","4.335354","134951","136585","286403","277558","1850918112562771","0","96","2","2","2","2","false","false","true","true","1","1","artifacts\bin\coreclr\windows.x64.Release\clrgc.dll","artifacts\bin\coreclr\windows.x64.Release\clrgc.dll","True","True","True","pointer-chasing:hops=144703488","9a3efb985ff03c86d05a6554ffd5cba41fadeae9dadf9b1561e5f90e7c337918","42,42,42,42424 @Commit: cd45d1cb3f2a6bf3a183840eb59b58e0bc97e068","c054b44a49790b20abf54f6456455ca20f5e2d9fa55c925b3c183a8437370b91","artifacts\bin\coreclr\windows.x64.Release\clrgc.dll","285","Intel(R) Xeon(R) Platinum 8370C CPU @ 2.80GHz","16","Microsoft Windows 10.0.26200","0.5","3","","1","post-reset-through-telemetry-end"
"20260825T232104Z-ccde4827d8584965888a0807184926dd","pointer-chasing","wks","standalone","callback","1","1","3","0","20260838","645488.249340413","1937408","4.3424228","134951","136585","286403","277558","3301614295532411","0","95","2","2","2","2","false","false","true","true","1","1","artifacts\bin\coreclr\windows.x64.Release\clrgc.dll","artifacts\bin\coreclr\windows.x64.Release\clrgc.dll","True","True","True","pointer-chasing:hops=144179200","9a3efb985ff03c86d05a6554ffd5cba41fadeae9dadf9b1561e5f90e7c337918","42,42,42,42424 @Commit: cd45d1cb3f2a6bf3a183840eb59b58e0bc97e068","c054b44a49790b20abf54f6456455ca20f5e2d9fa55c925b3c183a8437370b91","artifacts\bin\coreclr\windows.x64.Release\clrgc.dll","285","Intel(R) Xeon(R) Platinum 8370C CPU @ 2.80GHz","16","Microsoft Windows 10.0.26200","0.5","3","","1","post-reset-through-telemetry-end"
"20260825T232104Z-ccde4827d8584965888a0807184926dd","pointer-chasing","wks","standalone","visitor","2","2","3","1","20260838","641617.7598324126","1925120","4.3314053","134951","136585","286403","277558","1884818481287567","0","94","2","2","2","2","false","false","true","true","1","1","artifacts\bin\coreclr\windows.x64.Release\clrgc.dll","artifacts\bin\coreclr\windows.x64.Release\clrgc.dll","True","True","True","pointer-chasing:hops=143130624","9a3efb985ff03c86d05a6554ffd5cba41fadeae9dadf9b1561e5f90e7c337918","42,42,42,42424 @Commit: cd45d1cb3f2a6bf3a183840eb59b58e0bc97e068","c054b44a49790b20abf54f6456455ca20f5e2d9fa55c925b3c183a8437370b91","artifacts\bin\coreclr\windows.x64.Release\clrgc.dll","285","Intel(R) Xeon(R) Platinum 8370C CPU @ 2.80GHz","16","Microsoft Windows 10.0.26200","0.5","3","","1","post-reset-through-telemetry-end"
"20260825T232104Z-ccde4827d8584965888a0807184926dd","pointer-chasing","wks","standalone","cursor","3","3","3","2","20260838","647993.1878117464","1945600","4.3483821","134951","136585","286403","277558","2718901361749008","0","95","2","2","2","2","false","false","true","true","1","1","artifacts\bin\coreclr\windows.x64.Release\clrgc.dll","artifacts\bin\coreclr\windows.x64.Release\clrgc.dll","True","True","True","pointer-chasing:hops=144441344","9a3efb985ff03c86d05a6554ffd5cba41fadeae9dadf9b1561e5f90e7c337918","42,42,42,42424 @Commit: cd45d1cb3f2a6bf3a183840eb59b58e0bc97e068","c054b44a49790b20abf54f6456455ca20f5e2d9fa55c925b3c183a8437370b91","artifacts\bin\coreclr\windows.x64.Release\clrgc.dll","285","Intel(R) Xeon(R) Platinum 8370C CPU @ 2.80GHz","16","Microsoft Windows 10.0.26200","0.5","3","","1","post-reset-through-telemetry-end"
"20260825T232104Z-ccde4827d8584965888a0807184926dd","pointer-chasing","wks","standalone","visitor","2","2","4","0","20260839","648504.9646471435","1949696","4.3382589","134951","136585","286403","277558","3235765629342380","0","95","2","2","2","2","false","false","true","true","1","1","artifacts\bin\coreclr\windows.x64.Release\clrgc.dll","artifacts\bin\coreclr\windows.x64.Release\clrgc.dll","True","True","True","pointer-chasing:hops=145489920","9a3efb985ff03c86d05a6554ffd5cba41fadeae9dadf9b1561e5f90e7c337918","42,42,42,42424 @Commit: cd45d1cb3f2a6bf3a183840eb59b58e0bc97e068","c054b44a49790b20abf54f6456455ca20f5e2d9fa55c925b3c183a8437370b91","artifacts\bin\coreclr\windows.x64.Release\clrgc.dll","285","Intel(R) Xeon(R) Platinum 8370C CPU @ 2.80GHz","16","Microsoft Windows 10.0.26200","0.5","3","","1","post-reset-through-telemetry-end"
"20260825T232104Z-ccde4827d8584965888a0807184926dd","pointer-chasing","wks","standalone","cursor","3","3","4","1","20260839","652075.5690242656","1957888","4.3289926","134951","136585","286403","277558","2119176615542612","0","96","2","2","2","2","false","false","true","true","1","1","artifacts\bin\coreclr\windows.x64.Release\clrgc.dll","artifacts\bin\coreclr\windows.x64.Release\clrgc.dll","True","True","True","pointer-chasing:hops=145489920","9a3efb985ff03c86d05a6554ffd5cba41fadeae9dadf9b1561e5f90e7c337918","42,42,42,42424 @Commit: cd45d1cb3f2a6bf3a183840eb59b58e0bc97e068","c054b44a49790b20abf54f6456455ca20f5e2d9fa55c925b3c183a8437370b91","artifacts\bin\coreclr\windows.x64.Release\clrgc.dll","285","Intel(R) Xeon(R) Platinum 8370C CPU @ 2.80GHz","16","Microsoft Windows 10.0.26200","0.5","3","","1","post-reset-through-telemetry-end"
"20260825T232104Z-ccde4827d8584965888a0807184926dd","pointer-chasing","wks","standalone","callback","1","1","4","2","20260839","648840.2352189618","1949696","4.3439807","134951","136585","286403","277558","2859934240082478","0","96","2","2","2","2","false","false","true","true","1","1","artifacts\bin\coreclr\windows.x64.Release\clrgc.dll","artifacts\bin\coreclr\windows.x64.Release\clrgc.dll","True","True","True","pointer-chasing:hops=144965632","9a3efb985ff03c86d05a6554ffd5cba41fadeae9dadf9b1561e5f90e7c337918","42,42,42,42424 @Commit: cd45d1cb3f2a6bf3a183840eb59b58e0bc97e068","c054b44a49790b20abf54f6456455ca20f5e2d9fa55c925b3c183a8437370b91","artifacts\bin\coreclr\windows.x64.Release\clrgc.dll","285","Intel(R) Xeon(R) Platinum 8370C CPU @ 2.80GHz","16","Microsoft Windows 10.0.26200","0.5","3","","1","post-reset-through-telemetry-end"
"20260825T232104Z-ccde4827d8584965888a0807184926dd","pointer-chasing","srv","linked","callback","1","1","0","0","20260925","624901.6912273432","1875968","4.380725","135096","136732","353226","343653","1950155899100250","0","9","2","2","2","2","true","true","true","true","8","8","","","True","True","True","pointer-chasing:hops=136839168","9a3efb985ff03c86d05a6554ffd5cba41fadeae9dadf9b1561e5f90e7c337918","42,42,42,42424 @Commit: cd45d1cb3f2a6bf3a183840eb59b58e0bc97e068","9a3efb985ff03c86d05a6554ffd5cba41fadeae9dadf9b1561e5f90e7c337918","artifacts\tests\coreclr\windows.x64.Release\Tests\Core_Root\coreclr.dll","285","Intel(R) Xeon(R) Platinum 8370C CPU @ 2.80GHz","16","Microsoft Windows 10.0.26200","0.5","3","0","0","post-reset-through-telemetry-end"
"20260825T232104Z-ccde4827d8584965888a0807184926dd","pointer-chasing","srv","linked","visitor","2","2","0","1","20260925","627551.5013161142","1884160","4.3685694","135070","136908","288887","278347","2983566364611129","0","9","2","2","2","2","true","true","true","true","8","8","","","True","True","True","pointer-chasing:hops=137363456","9a3efb985ff03c86d05a6554ffd5cba41fadeae9dadf9b1561e5f90e7c337918","42,42,42,42424 @Commit: cd45d1cb3f2a6bf3a183840eb59b58e0bc97e068","9a3efb985ff03c86d05a6554ffd5cba41fadeae9dadf9b1561e5f90e7c337918","artifacts\tests\coreclr\windows.x64.Release\Tests\Core_Root\coreclr.dll","285","Intel(R) Xeon(R) Platinum 8370C CPU @ 2.80GHz","16","Microsoft Windows 10.0.26200","0.5","3","0","0","post-reset-through-telemetry-end"
"20260825T232104Z-ccde4827d8584965888a0807184926dd","pointer-chasing","srv","linked","cursor","3","3","0","2","20260925","628316.7247947217","1888256","4.3755111","135085","136917","354296","343816","2385980031560094","0","9","2","2","2","2","true","true","true","true","8","8","","","True","True","True","pointer-chasing:hops=137625600","9a3efb985ff03c86d05a6554ffd5cba41fadeae9dadf9b1561e5f90e7c337918","42,42,42,42424 @Commit: cd45d1cb3f2a6bf3a183840eb59b58e0bc97e068","9a3efb985ff03c86d05a6554ffd5cba41fadeae9dadf9b1561e5f90e7c337918","artifacts\tests\coreclr\windows.x64.Release\Tests\Core_Root\coreclr.dll","285","Intel(R) Xeon(R) Platinum 8370C CPU @ 2.80GHz","16","Microsoft Windows 10.0.26200","0.5","3","0","0","post-reset-through-telemetry-end"
"20260825T232104Z-ccde4827d8584965888a0807184926dd","pointer-chasing","srv","linked","visitor","2","2","1","0","20260926","627215.5823871249","1884160","4.3643098","135195","137043","354707","344123","3720983393666082","0","9","2","2","2","2","true","true","true","true","8","8","","","True","True","True","pointer-chasing:hops=137363456","9a3efb985ff03c86d05a6554ffd5cba41fadeae9dadf9b1561e5f90e7c337918","42,42,42,42424 @Commit: cd45d1cb3f2a6bf3a183840eb59b58e0bc97e068","9a3efb985ff03c86d05a6554ffd5cba41fadeae9dadf9b1561e5f90e7c337918","artifacts\tests\coreclr\windows.x64.Release\Tests\Core_Root\coreclr.dll","285","Intel(R) Xeon(R) Platinum 8370C CPU @ 2.80GHz","16","Microsoft Windows 10.0.26200","0.5","3","0","0","post-reset-through-telemetry-end"
"20260825T232104Z-ccde4827d8584965888a0807184926dd","pointer-chasing","srv","linked","cursor","3","3","1","1","20260926","630634.245387862","1892352","4.3645738","135188","136833","353283","343682","3536712996448621","0","9","2","2","2","2","true","true","true","true","8","8","","","True","True","True","pointer-chasing:hops=137887744","9a3efb985ff03c86d05a6554ffd5cba41fadeae9dadf9b1561e5f90e7c337918","42,42,42,42424 @Commit: cd45d1cb3f2a6bf3a183840eb59b58e0bc97e068","9a3efb985ff03c86d05a6554ffd5cba41fadeae9dadf9b1561e5f90e7c337918","artifacts\tests\coreclr\windows.x64.Release\Tests\Core_Root\coreclr.dll","285","Intel(R) Xeon(R) Platinum 8370C CPU @ 2.80GHz","16","Microsoft Windows 10.0.26200","0.5","3","0","0","post-reset-through-telemetry-end"
"20260825T232104Z-ccde4827d8584965888a0807184926dd","pointer-chasing","srv","linked","callback","1","1","1","2","20260926","630111.209258168","1892352","4.3680049","135170","136806","353118","343617","2734565049321009","0","9","2","2","2","2","true","true","true","true","8","8","","","True","True","True","pointer-chasing:hops=137625600","9a3efb985ff03c86d05a6554ffd5cba41fadeae9dadf9b1561e5f90e7c337918","42,42,42,42424 @Commit: cd45d1cb3f2a6bf3a183840eb59b58e0bc97e068","9a3efb985ff03c86d05a6554ffd5cba41fadeae9dadf9b1561e5f90e7c337918","artifacts\tests\coreclr\windows.x64.Release\Tests\Core_Root\coreclr.dll","285","Intel(R) Xeon(R) Platinum 8370C CPU @ 2.80GHz","16","Microsoft Windows 10.0.26200","0.5","3","0","0","post-reset-through-telemetry-end"
"20260825T232104Z-ccde4827d8584965888a0807184926dd","pointer-chasing","srv","linked","cursor","3","3","2","0","20260927","632221.2473647663","1900544","4.3624249","135164","137242","355691","344402","2820953950123048","0","9","2","2","2","2","true","true","true","true","8","8","","","True","True","True","pointer-chasing:hops=138412032","9a3efb985ff03c86d05a6554ffd5cba41fadeae9dadf9b1561e5f90e7c337918","42,42,42,42424 @Commit: cd45d1cb3f2a6bf3a183840eb59b58e0bc97e068","9a3efb985ff03c86d05a6554ffd5cba41fadeae9dadf9b1561e5f90e7c337918","artifacts\tests\coreclr\windows.x64.Release\Tests\Core_Root\coreclr.dll","285","Intel(R) Xeon(R) Platinum 8370C CPU @ 2.80GHz","16","Microsoft Windows 10.0.26200","0.5","3","0","0","post-reset-through-telemetry-end"
"20260825T232104Z-ccde4827d8584965888a0807184926dd","pointer-chasing","srv","linked","callback","1","1","2","1","20260927","628485.1357954605","1888256","4.3651748","135323","136967","418841","409485","2145390760805062","0","9","2","2","2","2","true","true","true","true","8","8","","","True","True","True","pointer-chasing:hops=137363456","9a3efb985ff03c86d05a6554ffd5cba41fadeae9dadf9b1561e5f90e7c337918","42,42,42,42424 @Commit: cd45d1cb3f2a6bf3a183840eb59b58e0bc97e068","9a3efb985ff03c86d05a6554ffd5cba41fadeae9dadf9b1561e5f90e7c337918","artifacts\tests\coreclr\windows.x64.Release\Tests\Core_Root\coreclr.dll","285","Intel(R) Xeon(R) Platinum 8370C CPU @ 2.80GHz","16","Microsoft Windows 10.0.26200","0.5","3","0","0","post-reset-through-telemetry-end"
"20260825T232104Z-ccde4827d8584965888a0807184926dd","pointer-chasing","srv","linked","visitor","2","2","2","2","20260927","628019.2513688414","1888256","4.3760664","135309","137167","354973","344332","2412061966779528","0","9","2","2","2","2","true","true","true","true","8","8","","","True","True","True","pointer-chasing:hops=137101312","9a3efb985ff03c86d05a6554ffd5cba41fadeae9dadf9b1561e5f90e7c337918","42,42,42,42424 @Commit: cd45d1cb3f2a6bf3a183840eb59b58e0bc97e068","9a3efb985ff03c86d05a6554ffd5cba41fadeae9dadf9b1561e5f90e7c337918","artifacts\tests\coreclr\windows.x64.Release\Tests\Core_Root\coreclr.dll","285","Intel(R) Xeon(R) Platinum 8370C CPU @ 2.80GHz","16","Microsoft Windows 10.0.26200","0.5","3","0","0","post-reset-through-telemetry-end"
"20260825T232104Z-ccde4827d8584965888a0807184926dd","pointer-chasing","srv","linked","callback","1","1","3","0","20260928","624938.4961418051","1875968","4.3677524","135113","136963","288909","278375","3264036710983964","0","9","2","2","2","2","true","true","true","true","8","8","","","True","True","True","pointer-chasing:hops=137363456","9a3efb985ff03c86d05a6554ffd5cba41fadeae9dadf9b1561e5f90e7c337918","42,42,42,42424 @Commit: cd45d1cb3f2a6bf3a183840eb59b58e0bc97e068","9a3efb985ff03c86d05a6554ffd5cba41fadeae9dadf9b1561e5f90e7c337918","artifacts\tests\coreclr\windows.x64.Release\Tests\Core_Root\coreclr.dll","285","Intel(R) Xeon(R) Platinum 8370C CPU @ 2.80GHz","16","Microsoft Windows 10.0.26200","0.5","3","0","0","post-reset-through-telemetry-end"
"20260825T232104Z-ccde4827d8584965888a0807184926dd","pointer-chasing","srv","linked","visitor","2","2","3","1","20260928","620880.0500307361","1863680","4.3979036","135180","136812","419028","409268","3203563351617706","0","9","2","2","2","2","true","true","true","true","8","8","","","True","True","True","pointer-chasing:hops=136052736","9a3efb985ff03c86d05a6554ffd5cba41fadeae9dadf9b1561e5f90e7c337918","42,42,42,42424 @Commit: cd45d1cb3f2a6bf3a183840eb59b58e0bc97e068","9a3efb985ff03c86d05a6554ffd5cba41fadeae9dadf9b1561e5f90e7c337918","artifacts\tests\coreclr\windows.x64.Release\Tests\Core_Root\coreclr.dll","285","Intel(R) Xeon(R) Platinum 8370C CPU @ 2.80GHz","16","Microsoft Windows 10.0.26200","0.5","3","0","0","post-reset-through-telemetry-end"
"20260825T232104Z-ccde4827d8584965888a0807184926dd","pointer-chasing","srv","linked","cursor","3","3","3","2","20260928","634481.1651395932","1904640","4.3530309","135308","137180","420509","409918","3192093783221343","0","9","2","2","2","2","true","true","true","true","8","8","","","True","True","True","pointer-chasing:hops=138412032","9a3efb985ff03c86d05a6554ffd5cba41fadeae9dadf9b1561e5f90e7c337918","42,42,42,42424 @Commit: cd45d1cb3f2a6bf3a183840eb59b58e0bc97e068","9a3efb985ff03c86d05a6554ffd5cba41fadeae9dadf9b1561e5f90e7c337918","artifacts\tests\coreclr\windows.x64.Release\Tests\Core_Root\coreclr.dll","285","Intel(R) Xeon(R) Platinum 8370C CPU @ 2.80GHz","16","Microsoft Windows 10.0.26200","0.5","3","0","0","post-reset-through-telemetry-end"
"20260825T232104Z-ccde4827d8584965888a0807184926dd","pointer-chasing","srv","linked","visitor","2","2","4","0","20260929","625300.0839337008","1880064","4.3914278","135286","136996","354089","343920","2906264389832409","0","9","2","2","2","2","true","true","true","true","8","8","","","True","True","True","pointer-chasing:hops=136839168","9a3efb985ff03c86d05a6554ffd5cba41fadeae9dadf9b1561e5f90e7c337918","42,42,42,42424 @Commit: cd45d1cb3f2a6bf3a183840eb59b58e0bc97e068","9a3efb985ff03c86d05a6554ffd5cba41fadeae9dadf9b1561e5f90e7c337918","artifacts\tests\coreclr\windows.x64.Release\Tests\Core_Root\coreclr.dll","283","Intel(R) Xeon(R) Platinum 8370C CPU @ 2.80GHz","16","Microsoft Windows 10.0.26200","0.5","3","0","0","post-reset-through-telemetry-end"
"20260825T232104Z-ccde4827d8584965888a0807184926dd","pointer-chasing","srv","linked","cursor","3","3","4","1","20260929","620780.532390722","1863680","4.3535453","135326","136968","419221","409502","3190983456999657","0","9","2","2","2","2","true","true","true","true","8","8","","","True","True","True","pointer-chasing:hops=135790592","9a3efb985ff03c86d05a6554ffd5cba41fadeae9dadf9b1561e5f90e7c337918","42,42,42,42424 @Commit: cd45d1cb3f2a6bf3a183840eb59b58e0bc97e068","9a3efb985ff03c86d05a6554ffd5cba41fadeae9dadf9b1561e5f90e7c337918","artifacts\tests\coreclr\windows.x64.Release\Tests\Core_Root\coreclr.dll","283","Intel(R) Xeon(R) Platinum 8370C CPU @ 2.80GHz","16","Microsoft Windows 10.0.26200","0.5","3","0","0","post-reset-through-telemetry-end"
"20260825T232104Z-ccde4827d8584965888a0807184926dd","pointer-chasing","srv","linked","callback","1","1","4","2","20260929","622290.0233946474","1867776","4.3751538","135274","136905","353520","343946","2002141342623771","0","9","2","2","2","2","true","true","true","true","8","8","","","True","True","True","pointer-chasing:hops=136052736","9a3efb985ff03c86d05a6554ffd5cba41fadeae9dadf9b1561e5f90e7c337918","42,42,42,42424 @Commit: cd45d1cb3f2a6bf3a183840eb59b58e0bc97e068","9a3efb985ff03c86d05a6554ffd5cba41fadeae9dadf9b1561e5f90e7c337918","artifacts\tests\coreclr\windows.x64.Release\Tests\Core_Root\coreclr.dll","284","Intel(R) Xeon(R) Platinum 8370C CPU @ 2.80GHz","16","Microsoft Windows 10.0.26200","0.5","3","0","0","post-reset-through-telemetry-end"
"20260825T232104Z-ccde4827d8584965888a0807184926dd","long-lived-cache","wks","linked","callback","1","1","0","0","20261825","2461027.577410999","7393280","4.339284","6555769","6556594","19672643","19668218","2461273208994718","0","199","198","1","0","0","false","false","true","true","1","1","","","True","True","True","long-lived-cache:hits=68059136","9a3efb985ff03c86d05a6554ffd5cba41fadeae9dadf9b1561e5f90e7c337918","42,42,42,42424 @Commit: cd45d1cb3f2a6bf3a183840eb59b58e0bc97e068","9a3efb985ff03c86d05a6554ffd5cba41fadeae9dadf9b1561e5f90e7c337918","artifacts\tests\coreclr\windows.x64.Release\Tests\Core_Root\coreclr.dll","284","Intel(R) Xeon(R) Platinum 8370C CPU @ 2.80GHz","16","Microsoft Windows 10.0.26200","0.5","3","","1","post-reset-through-telemetry-end"
"20260825T232104Z-ccde4827d8584965888a0807184926dd","long-lived-cache","wks","linked","visitor","2","2","0","1","20261825","2385798.931269919","7168000","4.3492793","6359156","6359981","19082800","19078399","1326653181684067","0","193","192","1","0","0","false","false","true","true","1","1","","","True","True","True","long-lived-cache:hits=65994752","9a3efb985ff03c86d05a6554ffd5cba41fadeae9dadf9b1561e5f90e7c337918","42,42,42,42424 @Commit: cd45d1cb3f2a6bf3a183840eb59b58e0bc97e068","9a3efb985ff03c86d05a6554ffd5cba41fadeae9dadf9b1561e5f90e7c337918","artifacts\tests\coreclr\windows.x64.Release\Tests\Core_Root\coreclr.dll","284","Intel(R) Xeon(R) Platinum 8370C CPU @ 2.80GHz","16","Microsoft Windows 10.0.26200","0.5","3","","1","post-reset-through-telemetry-end"
"20260825T232104Z-ccde4827d8584965888a0807184926dd","long-lived-cache","wks","linked","cursor","3","3","0","2","20261825","2428577.8406419475","7299072","4.3416401","6459357","6460182","19383405","19378974","1360716587408194","0","196","195","1","0","0","false","false","true","true","1","1","","","True","True","True","long-lived-cache:hits=67010560","9a3efb985ff03c86d05a6554ffd5cba41fadeae9dadf9b1561e5f90e7c337918","42,42,42,42424 @Commit: cd45d1cb3f2a6bf3a183840eb59b58e0bc97e068","9a3efb985ff03c86d05a6554ffd5cba41fadeae9dadf9b1561e5f90e7c337918","artifacts\tests\coreclr\windows.x64.Release\Tests\Core_Root\coreclr.dll","284","Intel(R) Xeon(R) Platinum 8370C CPU @ 2.80GHz","16","Microsoft Windows 10.0.26200","0.5","3","","1","post-reset-through-telemetry-end"
"20260825T232104Z-ccde4827d8584965888a0807184926dd","long-lived-cache","wks","linked","visitor","2","2","1","0","20261826","2458520.574825555","7385088","4.3429672","6588550","6589375","19770988","19766537","2289743383375041","0","200","199","1","0","0","false","false","true","true","1","1","","","True","True","True","long-lived-cache:hits=68386816","9a3efb985ff03c86d05a6554ffd5cba41fadeae9dadf9b1561e5f90e7c337918","42,42,42,42424 @Commit: cd45d1cb3f2a6bf3a183840eb59b58e0bc97e068","9a3efb985ff03c86d05a6554ffd5cba41fadeae9dadf9b1561e5f90e7c337918","artifacts\tests\coreclr\windows.x64.Release\Tests\Core_Root\coreclr.dll","285","Intel(R) Xeon(R) Platinum 8370C CPU @ 2.80GHz","16","Microsoft Windows 10.0.26200","0.5","3","","1","post-reset-through-telemetry-end"
"20260825T232104Z-ccde4827d8584965888a0807184926dd","long-lived-cache","wks","linked","cursor","3","3","1","1","20261826","2443884.7390269744","7348224","4.3408875","6523004","6523829","19574344","19569919","1413660308832458","0","198","197","1","0","0","false","false","true","true","1","1","","","True","True","True","long-lived-cache:hits=67698688","9a3efb985ff03c86d05a6554ffd5cba41fadeae9dadf9b1561e5f90e7c337918","42,42,42,42424 @Commit: cd45d1cb3f2a6bf3a183840eb59b58e0bc97e068","9a3efb985ff03c86d05a6554ffd5cba41fadeae9dadf9b1561e5f90e7c337918","artifacts\tests\coreclr\windows.x64.Release\Tests\Core_Root\coreclr.dll","285","Intel(R) Xeon(R) Platinum 8370C CPU @ 2.80GHz","16","Microsoft Windows 10.0.26200","0.5","3","","1","post-reset-through-telemetry-end"
"20260825T232104Z-ccde4827d8584965888a0807184926dd","long-lived-cache","wks","linked","callback","1","1","1","2","20261826","2493859.0729175457","7483392","4.3477026","6621311","6622136","19869264","19864839","1882563866914204","0","201","200","1","0","0","false","false","true","true","1","1","","","True","True","True","long-lived-cache:hits=68812800","9a3efb985ff03c86d05a6554ffd5cba41fadeae9dadf9b1561e5f90e7c337918","42,42,42,42424 @Commit: cd45d1cb3f2a6bf3a183840eb59b58e0bc97e068","9a3efb985ff03c86d05a6554ffd5cba41fadeae9dadf9b1561e5f90e7c337918","artifacts\tests\coreclr\windows.x64.Release\Tests\Core_Root\coreclr.dll","285","Intel(R) Xeon(R) Platinum 8370C CPU @ 2.80GHz","16","Microsoft Windows 10.0.26200","0.5","3","","1","post-reset-through-telemetry-end"
"20260825T232104Z-ccde4827d8584965888a0807184926dd","long-lived-cache","wks","linked","cursor","3","3","2","0","20261827","2432964.4042169712","7319552","4.3391732","6490236","6491061","19476040","19471615","7872880339471973","0","197","196","1","0","0","false","false","true","true","1","1","","","True","True","True","long-lived-cache:hits=67371008","9a3efb985ff03c86d05a6554ffd5cba41fadeae9dadf9b1561e5f90e7c337918","42,42,42,42424 @Commit: cd45d1cb3f2a6bf3a183840eb59b58e0bc97e068","9a3efb985ff03c86d05a6554ffd5cba41fadeae9dadf9b1561e5f90e7c337918","artifacts\tests\coreclr\windows.x64.Release\Tests\Core_Root\coreclr.dll","285","Intel(R) Xeon(R) Platinum 8370C CPU @ 2.80GHz","16","Microsoft Windows 10.0.26200","0.5","3","","1","post-reset-through-telemetry-end"
"20260825T232104Z-ccde4827d8584965888a0807184926dd","long-lived-cache","wks","linked","callback","1","1","2","1","20261827","2457861.1460446473","7393280","4.3535775","6588549","6589374","19770985","19766542","1237217854510849","0","200","199","1","0","0","false","false","true","true","1","1","","","True","True","True","long-lived-cache:hits=68386816","9a3efb985ff03c86d05a6554ffd5cba41fadeae9dadf9b1561e5f90e7c337918","42,42,42,42424 @Commit: cd45d1cb3f2a6bf3a183840eb59b58e0bc97e068","9a3efb985ff03c86d05a6554ffd5cba41fadeae9dadf9b1561e5f90e7c337918","artifacts\tests\coreclr\windows.x64.Release\Tests\Core_Root\coreclr.dll","285","Intel(R) Xeon(R) Platinum 8370C CPU @ 2.80GHz","16","Microsoft Windows 10.0.26200","0.5","3","","1","post-reset-through-telemetry-end"
"20260825T232104Z-ccde4827d8584965888a0807184926dd","long-lived-cache","wks","linked","visitor","2","2","2","2","20261827","2484626.8976779883","7454720","4.330926","6588544","6589369","19770968","19766522","1483992867244681","0","200","199","1","0","0","false","false","true","true","1","1","","","True","True","True","long-lived-cache:hits=68583424","9a3efb985ff03c86d05a6554ffd5cba41fadeae9dadf9b1561e5f90e7c337918","42,42,42,42424 @Commit: cd45d1cb3f2a6bf3a183840eb59b58e0bc97e068","9a3efb985ff03c86d05a6554ffd5cba41fadeae9dadf9b1561e5f90e7c337918","artifacts\tests\coreclr\windows.x64.Release\Tests\Core_Root\coreclr.dll","285","Intel(R) Xeon(R) Platinum 8370C CPU @ 2.80GHz","16","Microsoft Windows 10.0.26200","0.5","3","","1","post-reset-through-telemetry-end"
"20260825T232104Z-ccde4827d8584965888a0807184926dd","long-lived-cache","wks","linked","callback","1","1","3","0","20261828","2453316.239530468","7360512","4.3445122","6490248","6491073","19476082","19471630","1474272089921458","0","197","196","1","0","0","false","false","true","true","1","1","","","True","True","True","long-lived-cache:hits=67502080","9a3efb985ff03c86d05a6554ffd5cba41fadeae9dadf9b1561e5f90e7c337918","42,42,42,42424 @Commit: cd45d1cb3f2a6bf3a183840eb59b58e0bc97e068","9a3efb985ff03c86d05a6554ffd5cba41fadeae9dadf9b1561e5f90e7c337918","artifacts\tests\coreclr\windows.x64.Release\Tests\Core_Root\coreclr.dll","285","Intel(R) Xeon(R) Platinum 8370C CPU @ 2.80GHz","16","Microsoft Windows 10.0.26200","0.5","3","","1","post-reset-through-telemetry-end"
"20260825T232104Z-ccde4827d8584965888a0807184926dd","long-lived-cache","wks","linked","visitor","2","2","3","1","20261828","2452721.990472038","7360512","4.3329121","6490236","6491061","19476040","19471615","5188846772525923","0","197","196","1","0","0","false","false","true","true","1","1","","","True","True","True","long-lived-cache:hits=67502080","9a3efb985ff03c86d05a6554ffd5cba41fadeae9dadf9b1561e5f90e7c337918","42,42,42,42424 @Commit: cd45d1cb3f2a6bf3a183840eb59b58e0bc97e068","9a3efb985ff03c86d05a6554ffd5cba41fadeae9dadf9b1561e5f90e7c337918","artifacts\tests\coreclr\windows.x64.Release\Tests\Core_Root\coreclr.dll","284","Intel(R) Xeon(R) Platinum 8370C CPU @ 2.80GHz","16","Microsoft Windows 10.0.26200","0.5","3","","1","post-reset-through-telemetry-end"
"20260825T232104Z-ccde4827d8584965888a0807184926dd","long-lived-cache","wks","linked","cursor","3","3","3","2","20261828","2457248.531551704","7372800","4.3448045","6523006","6523831","19574350","19569919","1336303994114105","0","198","197","1","0","0","false","false","true","true","1","1","","","True","True","True","long-lived-cache:hits=67928064","9a3efb985ff03c86d05a6554ffd5cba41fadeae9dadf9b1561e5f90e7c337918","42,42,42,42424 @Commit: cd45d1cb3f2a6bf3a183840eb59b58e0bc97e068","9a3efb985ff03c86d05a6554ffd5cba41fadeae9dadf9b1561e5f90e7c337918","artifacts\tests\coreclr\windows.x64.Release\Tests\Core_Root\coreclr.dll","283","Intel(R) Xeon(R) Platinum 8370C CPU @ 2.80GHz","16","Microsoft Windows 10.0.26200","0.5","3","","1","post-reset-through-telemetry-end"
"20260825T232104Z-ccde4827d8584965888a0807184926dd","long-lived-cache","wks","linked","visitor","2","2","4","0","20261829","2452974.663339089","7368704","4.3412875","6523009","6523834","19574365","19569934","1576881500465433","0","198","197","1","0","0","false","false","true","true","1","1","","","True","True","True","long-lived-cache:hits=67698688","9a3efb985ff03c86d05a6554ffd5cba41fadeae9dadf9b1561e5f90e7c337918","42,42,42,42424 @Commit: cd45d1cb3f2a6bf3a183840eb59b58e0bc97e068","9a3efb985ff03c86d05a6554ffd5cba41fadeae9dadf9b1561e5f90e7c337918","artifacts\tests\coreclr\windows.x64.Release\Tests\Core_Root\coreclr.dll","283","Intel(R) Xeon(R) Platinum 8370C CPU @ 2.80GHz","16","Microsoft Windows 10.0.26200","0.5","3","","1","post-reset-through-telemetry-end"
"20260825T232104Z-ccde4827d8584965888a0807184926dd","long-lived-cache","wks","linked","cursor","3","3","4","1","20261829","2440497.6801827997","7323648","4.3460074","6555766","6556591","19672634","19668218","1295650364917455","0","199","198","1","0","0","false","false","true","true","1","1","","","True","True","True","long-lived-cache:hits=68059136","9a3efb985ff03c86d05a6554ffd5cba41fadeae9dadf9b1561e5f90e7c337918","42,42,42,42424 @Commit: cd45d1cb3f2a6bf3a183840eb59b58e0bc97e068","9a3efb985ff03c86d05a6554ffd5cba41fadeae9dadf9b1561e5f90e7c337918","artifacts\tests\coreclr\windows.x64.Release\Tests\Core_Root\coreclr.dll","284","Intel(R) Xeon(R) Platinum 8370C CPU @ 2.80GHz","16","Microsoft Windows 10.0.26200","0.5","3","","1","post-reset-through-telemetry-end"
"20260825T232104Z-ccde4827d8584965888a0807184926dd","long-lived-cache","wks","linked","callback","1","1","4","2","20261829","2473534.6412068475","7421952","4.339648","6588536","6589361","19770944","19766522","1497214236276810","0","200","199","1","0","0","false","false","true","true","1","1","","","True","True","True","long-lived-cache:hits=68550656","9a3efb985ff03c86d05a6554ffd5cba41fadeae9dadf9b1561e5f90e7c337918","42,42,42,42424 @Commit: cd45d1cb3f2a6bf3a183840eb59b58e0bc97e068","9a3efb985ff03c86d05a6554ffd5cba41fadeae9dadf9b1561e5f90e7c337918","artifacts\tests\coreclr\windows.x64.Release\Tests\Core_Root\coreclr.dll","282","Intel(R) Xeon(R) Platinum 8370C CPU @ 2.80GHz","16","Microsoft Windows 10.0.26200","0.5","3","","1","post-reset-through-telemetry-end"
"20260825T232104Z-ccde4827d8584965888a0807184926dd","long-lived-cache","wks","standalone","callback","1","1","0","0","20261835","2595994.0823829933","7790592","4.3429656","6816063","6816079","20448273","20447454","309417465351525","0","208","104","0","0","0","false","false","true","true","1","1","artifacts\bin\coreclr\windows.x64.Release\clrgc.dll","artifacts\bin\coreclr\windows.x64.Release\clrgc.dll","True","True","True","long-lived-cache:hits=71696384","9a3efb985ff03c86d05a6554ffd5cba41fadeae9dadf9b1561e5f90e7c337918","42,42,42,42424 @Commit: cd45d1cb3f2a6bf3a183840eb59b58e0bc97e068","c054b44a49790b20abf54f6456455ca20f5e2d9fa55c925b3c183a8437370b91","artifacts\bin\coreclr\windows.x64.Release\clrgc.dll","282","Intel(R) Xeon(R) Platinum 8370C CPU @ 2.80GHz","16","Microsoft Windows 10.0.26200","0.5","3","","1","post-reset-through-telemetry-end"
"20260825T232104Z-ccde4827d8584965888a0807184926dd","long-lived-cache","wks","standalone","visitor","2","2","0","1","20261835","2604625.86635698","7823360","4.3366888","6881597","6881613","20644887","20644074","2049805537504325","0","210","105","0","0","0","false","false","true","true","1","1","artifacts\bin\coreclr\windows.x64.Release\clrgc.dll","artifacts\bin\coreclr\windows.x64.Release\clrgc.dll","True","True","True","long-lived-cache:hits=72187904","9a3efb985ff03c86d05a6554ffd5cba41fadeae9dadf9b1561e5f90e7c337918","42,42,42,42424 @Commit: cd45d1cb3f2a6bf3a183840eb59b58e0bc97e068","c054b44a49790b20abf54f6456455ca20f5e2d9fa55c925b3c183a8437370b91","artifacts\bin\coreclr\windows.x64.Release\clrgc.dll","282","Intel(R) Xeon(R) Platinum 8370C CPU @ 2.80GHz","16","Microsoft Windows 10.0.26200","0.5","3","","1","post-reset-through-telemetry-end"
"20260825T232104Z-ccde4827d8584965888a0807184926dd","long-lived-cache","wks","standalone","cursor","3","3","0","2","20261835","2588082.6073208926","7766016","4.3551647","6783290","6783306","20349954","20349150","416435236549849","0","207","103","0","0","0","false","false","true","true","1","1","artifacts\bin\coreclr\windows.x64.Release\clrgc.dll","artifacts\bin\coreclr\windows.x64.Release\clrgc.dll","True","True","True","long-lived-cache:hits=71401472","9a3efb985ff03c86d05a6554ffd5cba41fadeae9dadf9b1561e5f90e7c337918","42,42,42,42424 @Commit: cd45d1cb3f2a6bf3a183840eb59b58e0bc97e068","c054b44a49790b20abf54f6456455ca20f5e2d9fa55c925b3c183a8437370b91","artifacts\bin\coreclr\windows.x64.Release\clrgc.dll","282","Intel(R) Xeon(R) Platinum 8370C CPU @ 2.80GHz","16","Microsoft Windows 10.0.26200","0.5","3","","1","post-reset-through-telemetry-end"
"20260825T232104Z-ccde4827d8584965888a0807184926dd","long-lived-cache","wks","standalone","visitor","2","2","1","0","20261836","2601387.6198093127","7806976","4.3313663","6816068","6816084","20448288","20447454","362879112795863","0","208","104","0","0","0","false","false","true","true","1","1","artifacts\bin\coreclr\windows.x64.Release\clrgc.dll","artifacts\bin\coreclr\windows.x64.Release\clrgc.dll","True","True","True","long-lived-cache:hits=71761920","9a3efb985ff03c86d05a6554ffd5cba41fadeae9dadf9b1561e5f90e7c337918","42,42,42,42424 @Commit: cd45d1cb3f2a6bf3a183840eb59b58e0bc97e068","c054b44a49790b20abf54f6456455ca20f5e2d9fa55c925b3c183a8437370b91","artifacts\bin\coreclr\windows.x64.Release\clrgc.dll","282","Intel(R) Xeon(R) Platinum 8370C CPU @ 2.80GHz","16","Microsoft Windows 10.0.26200","0.5","3","","1","post-reset-through-telemetry-end"
"20260825T232104Z-ccde4827d8584965888a0807184926dd","long-lived-cache","wks","standalone","cursor","3","3","1","1","20261836","2599099.5382046388","7798784","4.3417631","6848836","6848852","20546588","20545761","494186179225208","0","209","104","0","0","0","false","false","true","true","1","1","artifacts\bin\coreclr\windows.x64.Release\clrgc.dll","artifacts\bin\coreclr\windows.x64.Release\clrgc.dll","True","True","True","long-lived-cache:hits=71860224","9a3efb985ff03c86d05a6554ffd5cba41fadeae9dadf9b1561e5f90e7c337918","42,42,42,42424 @Commit: cd45d1cb3f2a6bf3a183840eb59b58e0bc97e068","c054b44a49790b20abf54f6456455ca20f5e2d9fa55c925b3c183a8437370b91","artifacts\bin\coreclr\windows.x64.Release\clrgc.dll","282","Intel(R) Xeon(R) Platinum 8370C CPU @ 2.80GHz","16","Microsoft Windows 10.0.26200","0.5","3","","1","post-reset-through-telemetry-end"
"20260825T232104Z-ccde4827d8584965888a0807184926dd","long-lived-cache","wks","standalone","callback","1","1","1","2","20261836","2586984.845751855","7761920","4.347118","6783293","6783309","20349963","20349150","560413372886204","0","207","103","0","0","0","false","false","true","true","1","1","artifacts\bin\coreclr\windows.x64.Release\clrgc.dll","artifacts\bin\coreclr\windows.x64.Release\clrgc.dll","True","True","True","long-lived-cache:hits=71401472","9a3efb985ff03c86d05a6554ffd5cba41fadeae9dadf9b1561e5f90e7c337918","42,42,42,42424 @Commit: cd45d1cb3f2a6bf3a183840eb59b58e0bc97e068","c054b44a49790b20abf54f6456455ca20f5e2d9fa55c925b3c183a8437370b91","artifacts\bin\coreclr\windows.x64.Release\clrgc.dll","284","Intel(R) Xeon(R) Platinum 8370C CPU @ 2.80GHz","16","Microsoft Windows 10.0.26200","0.5","3","","1","post-reset-through-telemetry-end"
"20260825T232104Z-ccde4827d8584965888a0807184926dd","long-lived-cache","wks","standalone","cursor","3","3","2","0","20261837","2587700.922100633","7766016","4.3362011","6816063","6816079","20448273","20447454","303924031571996","0","208","104","0","0","0","false","false","true","true","1","1","artifacts\bin\coreclr\windows.x64.Release\clrgc.dll","artifacts\bin\coreclr\windows.x64.Release\clrgc.dll","True","True","True","long-lived-cache:hits=71532544","9a3efb985ff03c86d05a6554ffd5cba41fadeae9dadf9b1561e5f90e7c337918","42,42,42,42424 @Commit: cd45d1cb3f2a6bf3a183840eb59b58e0bc97e068","c054b44a49790b20abf54f6456455ca20f5e2d9fa55c925b3c183a8437370b91","artifacts\bin\coreclr\windows.x64.Release\clrgc.dll","283","Intel(R) Xeon(R) Platinum 8370C CPU @ 2.80GHz","16","Microsoft Windows 10.0.26200","0.5","3","","1","post-reset-through-telemetry-end"
"20260825T232104Z-ccde4827d8584965888a0807184926dd","long-lived-cache","wks","standalone","callback","1","1","2","1","20261837","2620568.8355667633","7864320","4.3389322","6914368","6914384","20743188","20742366","258902566849766","0","211","105","0","0","0","false","false","true","true","1","1","artifacts\bin\coreclr\windows.x64.Release\clrgc.dll","artifacts\bin\coreclr\windows.x64.Release\clrgc.dll","True","True","True","long-lived-cache:hits=72548352","9a3efb985ff03c86d05a6554ffd5cba41fadeae9dadf9b1561e5f90e7c337918","42,42,42,42424 @Commit: cd45d1cb3f2a6bf3a183840eb59b58e0bc97e068","c054b44a49790b20abf54f6456455ca20f5e2d9fa55c925b3c183a8437370b91","artifacts\bin\coreclr\windows.x64.Release\clrgc.dll","283","Intel(R) Xeon(R) Platinum 8370C CPU @ 2.80GHz","16","Microsoft Windows 10.0.26200","0.5","3","","1","post-reset-through-telemetry-end"
"20260825T232104Z-ccde4827d8584965888a0807184926dd","long-lived-cache","wks","standalone","visitor","2","2","2","2","20261837","2609833.643913083","7831552","4.3449511","6848831","6848847","20546577","20545758","1104610188394946","0","209","104","0","0","0","false","false","true","true","1","1","artifacts\bin\coreclr\windows.x64.Release\clrgc.dll","artifacts\bin\coreclr\windows.x64.Release\clrgc.dll","True","True","True","long-lived-cache:hits=71991296","9a3efb985ff03c86d05a6554ffd5cba41fadeae9dadf9b1561e5f90e7c337918","42,42,42,42424 @Commit: cd45d1cb3f2a6bf3a183840eb59b58e0bc97e068","c054b44a49790b20abf54f6456455ca20f5e2d9fa55c925b3c183a8437370b91","artifacts\bin\coreclr\windows.x64.Release\clrgc.dll","283","Intel(R) Xeon(R) Platinum 8370C CPU @ 2.80GHz","16","Microsoft Windows 10.0.26200","0.5","3","","1","post-reset-through-telemetry-end"
"20260825T232104Z-ccde4827d8584965888a0807184926dd","long-lived-cache","wks","standalone","callback","1","1","3","0","20261838","2605930.2023545294","7819264","4.3413396","6848826","6848842","20546562","20545758","424146734640052","0","209","104","0","0","0","false","false","true","true","1","1","artifacts\bin\coreclr\windows.x64.Release\clrgc.dll","artifacts\bin\coreclr\windows.x64.Release\clrgc.dll","True","True","True","long-lived-cache:hits=71925760","9a3efb985ff03c86d05a6554ffd5cba41fadeae9dadf9b1561e5f90e7c337918","42,42,42,42424 @Commit: cd45d1cb3f2a6bf3a183840eb59b58e0bc97e068","c054b44a49790b20abf54f6456455ca20f5e2d9fa55c925b3c183a8437370b91","artifacts\bin\coreclr\windows.x64.Release\clrgc.dll","283","Intel(R) Xeon(R) Platinum 8370C CPU @ 2.80GHz","16","Microsoft Windows 10.0.26200","0.5","3","","1","post-reset-through-telemetry-end"
"20260825T232104Z-ccde4827d8584965888a0807184926dd","long-lived-cache","wks","standalone","visitor","2","2","3","1","20261838","2598505.4597947695","7798784","4.3433763","6848835","6848851","20546590","20545768","3820367749799375","0","209","104","0","0","0","false","false","true","true","1","1","artifacts\bin\coreclr\windows.x64.Release\clrgc.dll","artifacts\bin\coreclr\windows.x64.Release\clrgc.dll","True","True","True","long-lived-cache:hits=71827456","9a3efb985ff03c86d05a6554ffd5cba41fadeae9dadf9b1561e5f90e7c337918","42,42,42,42424 @Commit: cd45d1cb3f2a6bf3a183840eb59b58e0bc97e068","c054b44a49790b20abf54f6456455ca20f5e2d9fa55c925b3c183a8437370b91","artifacts\bin\coreclr\windows.x64.Release\clrgc.dll","283","Intel(R) Xeon(R) Platinum 8370C CPU @ 2.80GHz","16","Microsoft Windows 10.0.26200","0.5","3","","1","post-reset-through-telemetry-end"
"20260825T232104Z-ccde4827d8584965888a0807184926dd","long-lived-cache","wks","standalone","cursor","3","3","3","2","20261838","2576754.1908648214","7733248","4.3340722","6783295","6783311","20349970","20349160","401047305184955","0","207","103","0","0","0","false","false","true","true","1","1","artifacts\bin\coreclr\windows.x64.Release\clrgc.dll","artifacts\bin\coreclr\windows.x64.Release\clrgc.dll","True","True","True","long-lived-cache:hits=71434240","9a3efb985ff03c86d05a6554ffd5cba41fadeae9dadf9b1561e5f90e7c337918","42,42,42,42424 @Commit: cd45d1cb3f2a6bf3a183840eb59b58e0bc97e068","c054b44a49790b20abf54f6456455ca20f5e2d9fa55c925b3c183a8437370b91","artifacts\bin\coreclr\windows.x64.Release\clrgc.dll","285","Intel(R) Xeon(R) Platinum 8370C CPU @ 2.80GHz","16","Microsoft Windows 10.0.26200","0.5","3","","1","post-reset-through-telemetry-end"
"20260825T232104Z-ccde4827d8584965888a0807184926dd","long-lived-cache","wks","standalone","visitor","2","2","4","0","20261839","2612920.165616554","7839744","4.3413965","6848837","6848853","20546595","20545758","1324351760590719","0","209","104","0","0","0","false","false","true","true","1","1","artifacts\bin\coreclr\windows.x64.Release\clrgc.dll","artifacts\bin\coreclr\windows.x64.Release\clrgc.dll","True","True","True","long-lived-cache:hits=72024064","9a3efb985ff03c86d05a6554ffd5cba41fadeae9dadf9b1561e5f90e7c337918","42,42,42,42424 @Commit: cd45d1cb3f2a6bf3a183840eb59b58e0bc97e068","c054b44a49790b20abf54f6456455ca20f5e2d9fa55c925b3c183a8437370b91","artifacts\bin\coreclr\windows.x64.Release\clrgc.dll","285","Intel(R) Xeon(R) Platinum 8370C CPU @ 2.80GHz","16","Microsoft Windows 10.0.26200","0.5","3","","1","post-reset-through-telemetry-end"
"20260825T232104Z-ccde4827d8584965888a0807184926dd","long-lived-cache","wks","standalone","cursor","3","3","4","1","20261839","2615348.019080999","7847936","4.325594","6881604","6881620","20644896","20644062","451230534472420","0","210","105","0","0","0","false","false","true","true","1","1","artifacts\bin\coreclr\windows.x64.Release\clrgc.dll","artifacts\bin\coreclr\windows.x64.Release\clrgc.dll","True","True","True","long-lived-cache:hits=72417280","9a3efb985ff03c86d05a6554ffd5cba41fadeae9dadf9b1561e5f90e7c337918","42,42,42,42424 @Commit: cd45d1cb3f2a6bf3a183840eb59b58e0bc97e068","c054b44a49790b20abf54f6456455ca20f5e2d9fa55c925b3c183a8437370b91","artifacts\bin\coreclr\windows.x64.Release\clrgc.dll","285","Intel(R) Xeon(R) Platinum 8370C CPU @ 2.80GHz","16","Microsoft Windows 10.0.26200","0.5","3","","1","post-reset-through-telemetry-end"
"20260825T232104Z-ccde4827d8584965888a0807184926dd","long-lived-cache","wks","standalone","callback","1","1","4","2","20261839","2599096.679742828","7798784","4.3397002","6848836","6848852","20546593","20545768","631831955549628","0","209","104","0","0","0","false","false","true","true","1","1","artifacts\bin\coreclr\windows.x64.Release\clrgc.dll","artifacts\bin\coreclr\windows.x64.Release\clrgc.dll","True","True","True","long-lived-cache:hits=71991296","9a3efb985ff03c86d05a6554ffd5cba41fadeae9dadf9b1561e5f90e7c337918","42,42,42,42424 @Commit: cd45d1cb3f2a6bf3a183840eb59b58e0bc97e068","c054b44a49790b20abf54f6456455ca20f5e2d9fa55c925b3c183a8437370b91","artifacts\bin\coreclr\windows.x64.Release\clrgc.dll","285","Intel(R) Xeon(R) Platinum 8370C CPU @ 2.80GHz","16","Microsoft Windows 10.0.26200","0.5","3","","1","post-reset-through-telemetry-end"
"20260825T232104Z-ccde4827d8584965888a0807184926dd","long-lived-cache","srv","linked","callback","1","1","0","0","20261925","3588919.645728138","10768384","4.4009133","463897","464717","1397013","1393020","1136207328022437","0","12","5","1","0","0","true","true","true","true","8","8","","","True","True","True","long-lived-cache:hits=97419264","9a3efb985ff03c86d05a6554ffd5cba41fadeae9dadf9b1561e5f90e7c337918","42,42,42,42424 @Commit: cd45d1cb3f2a6bf3a183840eb59b58e0bc97e068","9a3efb985ff03c86d05a6554ffd5cba41fadeae9dadf9b1561e5f90e7c337918","artifacts\tests\coreclr\windows.x64.Release\Tests\Core_Root\coreclr.dll","284","Intel(R) Xeon(R) Platinum 8370C CPU @ 2.80GHz","16","Microsoft Windows 10.0.26200","0.5","3","0","0","post-reset-through-telemetry-end"
"20260825T232104Z-ccde4827d8584965888a0807184926dd","long-lived-cache","srv","linked","visitor","2","2","0","1","20261925","3595273.2940339805","10788864","4.4341621","460984","461814","1388331","1384246","1733847003259831","0","12","5","1","0","0","true","true","true","true","8","8","","","True","True","True","long-lived-cache:hits=97746944","9a3efb985ff03c86d05a6554ffd5cba41fadeae9dadf9b1561e5f90e7c337918","42,42,42,42424 @Commit: cd45d1cb3f2a6bf3a183840eb59b58e0bc97e068","9a3efb985ff03c86d05a6554ffd5cba41fadeae9dadf9b1561e5f90e7c337918","artifacts\tests\coreclr\windows.x64.Release\Tests\Core_Root\coreclr.dll","284","Intel(R) Xeon(R) Platinum 8370C CPU @ 2.80GHz","16","Microsoft Windows 10.0.26200","0.5","3","0","0","post-reset-through-telemetry-end"
"20260825T232104Z-ccde4827d8584965888a0807184926dd","long-lived-cache","srv","linked","cursor","3","3","0","2","20261925","3628002.6698915083","10887168","4.8093104","489267","490088","1473145","1469140","1697481175779406","0","12","6","1","0","0","true","true","true","true","8","8","","","True","True","True","long-lived-cache:hits=98304000","9a3efb985ff03c86d05a6554ffd5cba41fadeae9dadf9b1561e5f90e7c337918","42,42,42,42424 @Commit: cd45d1cb3f2a6bf3a183840eb59b58e0bc97e068","9a3efb985ff03c86d05a6554ffd5cba41fadeae9dadf9b1561e5f90e7c337918","artifacts\tests\coreclr\windows.x64.Release\Tests\Core_Root\coreclr.dll","284","Intel(R) Xeon(R) Platinum 8370C CPU @ 2.80GHz","16","Microsoft Windows 10.0.26200","0.5","3","0","0","post-reset-through-telemetry-end"
"20260825T232104Z-ccde4827d8584965888a0807184926dd","long-lived-cache","srv","linked","visitor","2","2","1","0","20261926","3630213.695072592","10895360","6.0152008","460797","461618","1387735","1383713","2495054735706962","0","12","5","1","0","0","true","true","true","true","8","8","","","True","True","True","long-lived-cache:hits=98631680","9a3efb985ff03c86d05a6554ffd5cba41fadeae9dadf9b1561e5f90e7c337918","42,42,42,42424 @Commit: cd45d1cb3f2a6bf3a183840eb59b58e0bc97e068","9a3efb985ff03c86d05a6554ffd5cba41fadeae9dadf9b1561e5f90e7c337918","artifacts\tests\coreclr\windows.x64.Release\Tests\Core_Root\coreclr.dll","282","Intel(R) Xeon(R) Platinum 8370C CPU @ 2.80GHz","16","Microsoft Windows 10.0.26200","0.5","3","0","0","post-reset-through-telemetry-end"
"20260825T232104Z-ccde4827d8584965888a0807184926dd","long-lived-cache","srv","linked","cursor","3","3","1","1","20261926","3591243.9116073353","10776576","4.4194567","430054","430870","1295566","1291485","1904777512890301","0","12","6","1","0","0","true","true","true","true","8","8","","","True","True","True","long-lived-cache:hits=97517568","9a3efb985ff03c86d05a6554ffd5cba41fadeae9dadf9b1561e5f90e7c337918","42,42,42,42424 @Commit: cd45d1cb3f2a6bf3a183840eb59b58e0bc97e068","9a3efb985ff03c86d05a6554ffd5cba41fadeae9dadf9b1561e5f90e7c337918","artifacts\tests\coreclr\windows.x64.Release\Tests\Core_Root\coreclr.dll","282","Intel(R) Xeon(R) Platinum 8370C CPU @ 2.80GHz","16","Microsoft Windows 10.0.26200","0.5","3","0","0","post-reset-through-telemetry-end"
"20260825T232104Z-ccde4827d8584965888a0807184926dd","long-lived-cache","srv","linked","callback","1","1","1","2","20261926","3583155.808491519","10752000","4.4025298","464028","464850","1397490","1393401","1341391924827557","0","12","5","1","0","0","true","true","true","true","8","8","","","True","True","True","long-lived-cache:hits=97484800","9a3efb985ff03c86d05a6554ffd5cba41fadeae9dadf9b1561e5f90e7c337918","42,42,42,42424 @Commit: cd45d1cb3f2a6bf3a183840eb59b58e0bc97e068","9a3efb985ff03c86d05a6554ffd5cba41fadeae9dadf9b1561e5f90e7c337918","artifacts\tests\coreclr\windows.x64.Release\Tests\Core_Root\coreclr.dll","282","Intel(R) Xeon(R) Platinum 8370C CPU @ 2.80GHz","16","Microsoft Windows 10.0.26200","0.5","3","0","0","post-reset-through-telemetry-end"
"20260825T232104Z-ccde4827d8584965888a0807184926dd","long-lived-cache","srv","linked","cursor","3","3","2","0","20261927","3626403.8976836386","10883072","4.4102751","460804","461624","1387748","1383709","1362994277463759","0","12","4","1","0","0","true","true","true","true","8","8","","","True","True","True","long-lived-cache:hits=98435072","9a3efb985ff03c86d05a6554ffd5cba41fadeae9dadf9b1561e5f90e7c337918","42,42,42,42424 @Commit: cd45d1cb3f2a6bf3a183840eb59b58e0bc97e068","9a3efb985ff03c86d05a6554ffd5cba41fadeae9dadf9b1561e5f90e7c337918","artifacts\tests\coreclr\windows.x64.Release\Tests\Core_Root\coreclr.dll","282","Intel(R) Xeon(R) Platinum 8370C CPU @ 2.80GHz","16","Microsoft Windows 10.0.26200","0.5","3","0","0","post-reset-through-telemetry-end"
"20260825T232104Z-ccde4827d8584965888a0807184926dd","long-lived-cache","srv","linked","callback","1","1","2","1","20261927","3603379.888120157","10813440","4.4001078","460803","461623","1387732","1383717","1480251829355235","0","12","5","1","0","0","true","true","true","true","8","8","","","True","True","True","long-lived-cache:hits=97681408","9a3efb985ff03c86d05a6554ffd5cba41fadeae9dadf9b1561e5f90e7c337918","42,42,42,42424 @Commit: cd45d1cb3f2a6bf3a183840eb59b58e0bc97e068","9a3efb985ff03c86d05a6554ffd5cba41fadeae9dadf9b1561e5f90e7c337918","artifacts\tests\coreclr\windows.x64.Release\Tests\Core_Root\coreclr.dll","282","Intel(R) Xeon(R) Platinum 8370C CPU @ 2.80GHz","16","Microsoft Windows 10.0.26200","0.5","3","0","0","post-reset-through-telemetry-end"
"20260825T232104Z-ccde4827d8584965888a0807184926dd","long-lived-cache","srv","linked","visitor","2","2","2","2","20261927","3617777.946946345","10854400","4.4291803","429398","430224","1293548","1289519","1399672429746599","0","12","5","1","0","0","true","true","true","true","8","8","","","True","True","True","long-lived-cache:hits=98336768","9a3efb985ff03c86d05a6554ffd5cba41fadeae9dadf9b1561e5f90e7c337918","42,42,42,42424 @Commit: cd45d1cb3f2a6bf3a183840eb59b58e0bc97e068","9a3efb985ff03c86d05a6554ffd5cba41fadeae9dadf9b1561e5f90e7c337918","artifacts\tests\coreclr\windows.x64.Release\Tests\Core_Root\coreclr.dll","282","Intel(R) Xeon(R) Platinum 8370C CPU @ 2.80GHz","16","Microsoft Windows 10.0.26200","0.5","3","0","0","post-reset-through-telemetry-end"
"20260825T232104Z-ccde4827d8584965888a0807184926dd","long-lived-cache","srv","linked","callback","1","1","3","0","20261928","3623731.796503105","10874880","4.4126937","434791","435613","1309780","1305677","710715688504383","0","12","5","1","0","0","true","true","true","true","8","8","","","True","True","True","long-lived-cache:hits=98533376","9a3efb985ff03c86d05a6554ffd5cba41fadeae9dadf9b1561e5f90e7c337918","42,42,42,42424 @Commit: cd45d1cb3f2a6bf3a183840eb59b58e0bc97e068","9a3efb985ff03c86d05a6554ffd5cba41fadeae9dadf9b1561e5f90e7c337918","artifacts\tests\coreclr\windows.x64.Release\Tests\Core_Root\coreclr.dll","281","Intel(R) Xeon(R) Platinum 8370C CPU @ 2.80GHz","16","Microsoft Windows 10.0.26200","0.5","3","0","0","post-reset-through-telemetry-end"
"20260825T232104Z-ccde4827d8584965888a0807184926dd","long-lived-cache","srv","linked","visitor","2","2","3","1","20261928","3584770.739360031","10756096","4.4153543","465164","465986","1400821","1396793","1720204371766425","0","12","6","1","0","0","true","true","true","true","8","8","","","True","True","True","long-lived-cache:hits=97517568","9a3efb985ff03c86d05a6554ffd5cba41fadeae9dadf9b1561e5f90e7c337918","42,42,42,42424 @Commit: cd45d1cb3f2a6bf3a183840eb59b58e0bc97e068","9a3efb985ff03c86d05a6554ffd5cba41fadeae9dadf9b1561e5f90e7c337918","artifacts\tests\coreclr\windows.x64.Release\Tests\Core_Root\coreclr.dll","280","Intel(R) Xeon(R) Platinum 8370C CPU @ 2.80GHz","16","Microsoft Windows 10.0.26200","0.5","3","0","0","post-reset-through-telemetry-end"
"20260825T232104Z-ccde4827d8584965888a0807184926dd","long-lived-cache","srv","linked","cursor","3","3","3","2","20261928","3624156.4037200822","10874880","4.406845","460795","461616","1387707","1383703","1847041679512300","0","12","4","1","0","0","true","true","true","true","8","8","","","True","True","True","long-lived-cache:hits=98435072","9a3efb985ff03c86d05a6554ffd5cba41fadeae9dadf9b1561e5f90e7c337918","42,42,42,42424 @Commit: cd45d1cb3f2a6bf3a183840eb59b58e0bc97e068","9a3efb985ff03c86d05a6554ffd5cba41fadeae9dadf9b1561e5f90e7c337918","artifacts\tests\coreclr\windows.x64.Release\Tests\Core_Root\coreclr.dll","279","Intel(R) Xeon(R) Platinum 8370C CPU @ 2.80GHz","16","Microsoft Windows 10.0.26200","0.5","3","0","0","post-reset-through-telemetry-end"
"20260825T232104Z-ccde4827d8584965888a0807184926dd","long-lived-cache","srv","linked","visitor","2","2","4","0","20261929","3622854.6382258986","10870784","4.4301194","450158","450977","1355841","1351772","1246189851964654","0","12","5","1","0","0","true","true","true","true","8","8","","","True","True","True","long-lived-cache:hits=98402304","9a3efb985ff03c86d05a6554ffd5cba41fadeae9dadf9b1561e5f90e7c337918","42,42,42,42424 @Commit: cd45d1cb3f2a6bf3a183840eb59b58e0bc97e068","9a3efb985ff03c86d05a6554ffd5cba41fadeae9dadf9b1561e5f90e7c337918","artifacts\tests\coreclr\windows.x64.Release\Tests\Core_Root\coreclr.dll","279","Intel(R) Xeon(R) Platinum 8370C CPU @ 2.80GHz","16","Microsoft Windows 10.0.26200","0.5","3","0","0","post-reset-through-telemetry-end"
"20260825T232104Z-ccde4827d8584965888a0807184926dd","long-lived-cache","srv","linked","cursor","3","3","4","1","20261929","3626007.8159155864","10878976","4.4100909","462228","463049","1392020","1388037","715899835938461","0","12","5","1","0","0","true","true","true","true","8","8","","","True","True","True","long-lived-cache:hits=98369536","9a3efb985ff03c86d05a6554ffd5cba41fadeae9dadf9b1561e5f90e7c337918","42,42,42,42424 @Commit: cd45d1cb3f2a6bf3a183840eb59b58e0bc97e068","9a3efb985ff03c86d05a6554ffd5cba41fadeae9dadf9b1561e5f90e7c337918","artifacts\tests\coreclr\windows.x64.Release\Tests\Core_Root\coreclr.dll","282","Intel(R) Xeon(R) Platinum 8370C CPU @ 2.80GHz","16","Microsoft Windows 10.0.26200","0.5","3","0","0","post-reset-through-telemetry-end"
"20260825T232104Z-ccde4827d8584965888a0807184926dd","long-lived-cache","srv","linked","callback","1","1","4","2","20261929","3611147.012616572","10838016","4.4143145","430639","431489","1297335","1293226","1019888905747952","0","12","5","1","0","0","true","true","true","true","8","8","","","True","True","True","long-lived-cache:hits=97845248","9a3efb985ff03c86d05a6554ffd5cba41fadeae9dadf9b1561e5f90e7c337918","42,42,42,42424 @Commit: cd45d1cb3f2a6bf3a183840eb59b58e0bc97e068","9a3efb985ff03c86d05a6554ffd5cba41fadeae9dadf9b1561e5f90e7c337918","artifacts\tests\coreclr\windows.x64.Release\Tests\Core_Root\coreclr.dll","282","Intel(R) Xeon(R) Platinum 8370C CPU @ 2.80GHz","16","Microsoft Windows 10.0.26200","0.5","3","0","0","post-reset-through-telemetry-end"
