"name","product_commit","sha256","length"
"src\coreclr\gc\gcinterface.h","21d13e0d007820461ce3cb9528e134a2aa291b5f","D76E9C35228EEB49BD299A51874E7108E5894AABE0F43AFF64B504BF315011B3","57196"
"src\coreclr\gc\env\gcenv.object.h","21d13e0d007820461ce3cb9528e134a2aa291b5f","7A0AA42E045F1E965A316FD3E2977452C948EB04765679E1AC9269AFB558C674","9322"
"src\coreclr\vm\syncblk.h","21d13e0d007820461ce3cb9528e134a2aa291b5f","222751A54F393CDF259E1447FA685DEF72BA9F8964BDF2D4A91B8A339DBA9EBF","32580"
"src\coreclr\vm\gcheaputilities.cpp","21d13e0d007820461ce3cb9528e134a2aa291b5f","1FDCB843E5DE0769B2ECD950D9DBEE3870FC09EB607ADB4EF764FF58E7214F13","31625"
"src\coreclr\nativeaot\Runtime\ObjectLayout.h","21d13e0d007820461ce3cb9528e134a2aa291b5f","10D580735C20B136FF130E5CB445942C1BED10B846830228B84E1C410A637EF1","5188"
"src\coreclr\nativeaot\Runtime\gcheaputilities.cpp","21d13e0d007820461ce3cb9528e134a2aa291b5f","522031490374B8F5F426639310F6C8FB631AF5A737EDD681042A9123907CCE04","11084"
"docs\design\lxr-port\P1.6-gc-reserved-object-header-bits.md","21d13e0d007820461ce3cb9528e134a2aa291b5f","55727F725F27A125DA8D39A391DDC985758BBA84F5F21B599FD2FA8A8FAFFA6A","13543"
"docs\design\lxr-port\P1.6\object-header-bits-validation.cpp","21d13e0d007820461ce3cb9528e134a2aa291b5f","1B340E56CF23C402194596991A55C561E166BC78B5E58F32BD6738BE6F8B6FB1","6736"
"docs\design\lxr-port\P1.6\runtime-smoke\Program.cs","21d13e0d007820461ce3cb9528e134a2aa291b5f","1A94BFFDDD1F7E36E064D33F6C377EB2BF36FF5224EB9D07C2FB2E6A772C93E0","15720"
