"mode","scenario","collector","heapFactor","valid","invalidReason","operationsPerSecond","latencyP99Ms","dispatchLagP99Ms","pauseMaxMs"
"throughput","low-allocation-compute","wks","1.3","True",,"2613270.894604",,,
"throughput","low-allocation-compute","wks","2","True",,"2699349.360755",,,
"throughput","low-allocation-compute","wks","6","True",,"2675566.074733",,,
"throughput","low-allocation-compute","srv","1.3","True",,"2580529.501838",,,
"throughput","low-allocation-compute","srv","2","True",,"2585295.956558",,,
"throughput","low-allocation-compute","srv","6","True",,"2583651.568038",,,
"throughput","allocation-churn","wks","1.3","True",,"127541.296705",,,
"throughput","allocation-churn","wks","2","True",,"157762.038649",,,
"throughput","allocation-churn","wks","6","True",,"181279.14609",,,"6.7625"
"throughput","allocation-churn","srv","1.3","True",,"253046.47131",,,"5.2473"
"throughput","allocation-churn","srv","2","True",,"289036.253659",,,"9.7017"
"throughput","allocation-churn","srv","6","True",,"309894.267732",,,"3.2273"
"throughput","long-lived-cache","wks","1.3","True",,"985603.584525",,,"21.8862"
"throughput","long-lived-cache","wks","2","True",,"1223107.959443",,,"23.2569"
"throughput","long-lived-cache","wks","6","True",,"1173950.678529",,,"28.3737"
"throughput","long-lived-cache","srv","1.3","True",,"3017982.040205",,,"17.5869"
"throughput","long-lived-cache","srv","2","True",,"3289763.904624",,,"18.5125"
"throughput","long-lived-cache","srv","6","True",,"3404441.974718",,,"28.949"
"throughput","cyclic-garbage","wks","1.3","True",,"345182.26147",,,
"throughput","cyclic-garbage","wks","2","True",,"257537.630812",,,
"throughput","cyclic-garbage","wks","6","True",,"243751.352826",,,
"throughput","cyclic-garbage","srv","1.3","True",,"286737.124882",,,
"throughput","cyclic-garbage","srv","2","True",,"217022.026047",,,
"throughput","cyclic-garbage","srv","6","True",,"226028.908162",,,"5.8164"
"throughput","pointer-chasing","wks","1.3","True",,"149081.765602",,,
"throughput","pointer-chasing","wks","2","True",,"150296.521072",,,
"throughput","pointer-chasing","wks","6","True",,"153026.527627",,,
"throughput","pointer-chasing","srv","1.3","True",,"149836.367429",,,
"throughput","pointer-chasing","srv","2","True",,"152604.877711",,,
"throughput","pointer-chasing","srv","6","True",,"154057.557361",,,
"throughput","multi-thread-throughput","wks","1.3","True",,"3291738.926131",,,"1.7241"
"throughput","multi-thread-throughput","wks","2","True",,"3693957.838908",,,"2.907"
"throughput","multi-thread-throughput","wks","6","True",,"3454519.964569",,,"5.1498"
"throughput","multi-thread-throughput","srv","1.3","True",,"3116629.800994",,,
"throughput","multi-thread-throughput","srv","2","True",,"3388492.610506",,,"3.8714"
"throughput","multi-thread-throughput","srv","6","True",,"3408742.287276",,,"1.9126"
"throughput","aspnet-request-load","wks","1.3","False","schedule-not-delivered","1010.442606","11.6443","11.0791","4.3926"
"throughput","aspnet-request-load","wks","2","False","schedule-not-delivered","1010.43472","11.73558","11.13","5.3177"
"throughput","aspnet-request-load","wks","6","False","schedule-not-delivered","1010.236007","11.85414","11.29634","6.6885"
"throughput","aspnet-request-load","srv","1.3","False","schedule-not-delivered","1010.442394","11.6687","11.10382","3.0912"
"throughput","aspnet-request-load","srv","2","False","schedule-not-delivered","1010.206458","11.78662","11.19654","2.147"
"throughput","aspnet-request-load","srv","6","False","schedule-not-delivered","1009.717153","11.8343","11.26688","2.2511"
"throughput","pinning-heavy-io","wks","1.3","True",,"44079.05297",,,"1.3374"
"throughput","pinning-heavy-io","wks","2","True",,"43606.971607",,,"1.2656"
"throughput","pinning-heavy-io","wks","6","True",,"44188.519552",,,"1.2467"
"throughput","pinning-heavy-io","srv","1.3","True",,"43609.684558",,,"0.9752"
"throughput","pinning-heavy-io","srv","2","True",,"43900.764562",,,"1.6607"
"throughput","pinning-heavy-io","srv","6","True",,"44225.872166",,,"0.8413"
"throughput","lifecycle-semantics","wks","1.3","False","crashed","0",,,
"throughput","lifecycle-semantics","wks","2","True",,"531836.638103",,,"93.2758"
"throughput","lifecycle-semantics","wks","6","True",,"402182.874746",,,"101.8772"
"throughput","lifecycle-semantics","srv","1.3","True",,"947205.912196",,,"65.9748"
"throughput","lifecycle-semantics","srv","2","True",,"951835.488431",,,"132.4741"
"throughput","lifecycle-semantics","srv","6","True",,"849306.047498",,,"197.488"
"throughput","large-object-pressure","wks","1.3","True",,"9443.344044",,,"16.2089"
"throughput","large-object-pressure","wks","2","True",,"158739.360647",,,"16.8503"
"throughput","large-object-pressure","wks","6","True",,"141352.585272",,,"3.8487"
"throughput","large-object-pressure","srv","1.3","True",,"12186.54126",,,"14.589"
"throughput","large-object-pressure","srv","2","True",,"7986.872289",,,"26.5821"
"throughput","large-object-pressure","srv","6","True",,"27744.575394",,,"29.2995"
"latency","low-allocation-compute","wks","1.3","True",,"199984.082634","0.0674",,
"latency","low-allocation-compute","wks","2","True",,"199983.564053","0.0722",,
"latency","low-allocation-compute","wks","6","True",,"199983.480141","0.0534",,
"latency","low-allocation-compute","srv","1.3","True",,"199983.864336","0.124",,
"latency","low-allocation-compute","srv","2","True",,"199981.867259","0.0484",,
"latency","low-allocation-compute","srv","6","True",,"199983.70007","0.0655",,
"latency","allocation-churn","wks","1.3","True",,"63770.640012","3.0068",,"7.1762"
"latency","allocation-churn","wks","2","True",,"63766.222266","3.8553",,"6.9558"
"latency","allocation-churn","wks","6","True",,"63774.338554","5.6164",,"8.7803"
"latency","allocation-churn","srv","1.3","True",,"63771.114763","2.2583",,"5.9075"
"latency","allocation-churn","srv","2","True",,"63773.166257","2.3187",,"10.5915"
"latency","allocation-churn","srv","6","True",,"63773.705454","1.7596",,"4.3903"
"latency","long-lived-cache","wks","1.3","True",,"199983.286135","31.6278",,"30.7447"
"latency","long-lived-cache","wks","2","True",,"199983.742782","29.789",,"30.5575"
"latency","long-lived-cache","wks","6","True",,"199983.091943","28.3874",,"31.9125"
"latency","long-lived-cache","srv","1.3","True",,"199983.180192","2.9449",,"31.087"
"latency","long-lived-cache","srv","2","True",,"199983.283454","0.7445",,"20.1565"
"latency","long-lived-cache","srv","6","True",,"199982.44837","0.0454",,"29.085"
"latency","cyclic-garbage","wks","1.3","True",,"108490.803433","0.2913",,"0.5759"
"latency","cyclic-garbage","wks","2","True",,"108490.683145","0.3332",,"0.9672"
"latency","cyclic-garbage","wks","6","True",,"108490.633501","0.3353",,"4.1909"
"latency","cyclic-garbage","srv","1.3","True",,"108490.784273","0.4644",,
"latency","cyclic-garbage","srv","2","True",,"108490.935618","0.4884",,"3.5323"
"latency","cyclic-garbage","srv","6","True",,"108490.792189","0.4688",,"3.4993"
"latency","pointer-chasing","wks","1.3","True",,"74541.183598","0.0937",,"3.256"
"latency","pointer-chasing","wks","2","True",,"74541.285743","0.0869",,"16.5671"
"latency","pointer-chasing","wks","6","True",,"74541.405218","0.0886",,"17.0115"
"latency","pointer-chasing","srv","1.3","True",,"74541.262563","0.0671",,
"latency","pointer-chasing","srv","2","True",,"74541.27883","0.0757",,
"latency","pointer-chasing","srv","6","True",,"74541.272038","0.0849",,
"latency","multi-thread-throughput","wks","1.3","True",,"199983.31272","0.0432",,"1.7579"
"latency","multi-thread-throughput","wks","2","True",,"199969.746824","0.0331",,"2.9053"
"latency","multi-thread-throughput","wks","6","True",,"199981.146343","0.0341",,"5.1287"
"latency","multi-thread-throughput","srv","1.3","True",,"199983.324281","0.081",,"1.0946"
"latency","multi-thread-throughput","srv","2","True",,"199981.256851","0.0375",,"1.1355"
"latency","multi-thread-throughput","srv","6","True",,"199981.93879","0.0326",,"1.0712"
"latency","aspnet-request-load","wks","1.3","False","schedule-not-delivered","1010.448677","11.7166","11.1597","4.6504"
"latency","aspnet-request-load","wks","2","False","schedule-not-delivered","1009.514143","11.81206","11.2065","8.9555"
"latency","aspnet-request-load","wks","6","False","schedule-not-delivered","1010.435035","11.92498","11.1403","9.9273"
"latency","aspnet-request-load","srv","1.3","False","schedule-not-delivered","1010.220306","11.81068","11.28566","3.0678"
"latency","aspnet-request-load","srv","2","False","schedule-not-delivered","1010.043515","11.83506","11.23112","3.5495"
"latency","aspnet-request-load","srv","6","False","schedule-not-delivered","1010.438043","11.87556","11.1199","3.2657"
"latency","pinning-heavy-io","wks","1.3","True",,"21794.868991","0.518",,"1.4985"
"latency","pinning-heavy-io","wks","2","True",,"21794.908063","0.3456",,"1.3801"
"latency","pinning-heavy-io","wks","6","True",,"21794.885347","0.197",,"1.353"
"latency","pinning-heavy-io","srv","1.3","True",,"21794.877688","0.615",,"2.6512"
"latency","pinning-heavy-io","srv","2","True",,"21794.921673","0.2235",,"1.1648"
"latency","pinning-heavy-io","srv","6","True",,"21794.603182","0.1793",,"0.9356"
"latency","lifecycle-semantics","wks","1.3","True",,"199983.740034","20.2027",,"40.8709"
"latency","lifecycle-semantics","wks","2","True",,"199982.746701","28.5974",,"34.5866"
"latency","lifecycle-semantics","wks","6","True",,"199981.475569","80.4333",,"86.4222"
"latency","lifecycle-semantics","srv","1.3","True",,"199910.87166","26.9709",,"44.9946"
"latency","lifecycle-semantics","srv","2","True",,"199982.00477","43.0968",,"61.8682"
"latency","lifecycle-semantics","srv","6","True",,"199756.582272","90.2488",,"120.4848"
"latency","large-object-pressure","wks","1.3","True",,"3991.622117","0.2306",,"1.2384"
"latency","large-object-pressure","wks","2","True",,"3991.682211","0.2383",,"1.2009"
"latency","large-object-pressure","wks","6","True",,"3991.659491","0.244",,"1.2971"
"latency","large-object-pressure","srv","1.3","True",,"3991.519408","7.4134",,"9.2583"
"latency","large-object-pressure","srv","2","True",,"3991.598584","30.5919",,"24.5662"
"latency","large-object-pressure","srv","6","True",,"3991.65873","14.6417",,"2.5465"
